x_mm,y_mm
-60.6748,-9.326
-60.782,-8.7499
-60.8856,-8.173
-60.9858,-7.5955
-61.0824,-7.0173
-61.1755,-6.4384
-61.2651,-5.8589
-61.3512,-5.2787
-61.4338,-4.6979
-61.5129,-4.1165
-61.5884,-3.5344
-61.6604,-2.9516
-61.7289,-2.3683
-61.7939,-1.7843
-61.8554,-1.1997
-61.9133,-0.6145
-61.9676,-0.0287
-62.0185,0.5576
-62.0657,1.1446
-62.1095,1.7322
-62.1496,2.3204
-62.1863,2.9091
-62.2193,3.4984
-62.2488,4.0883
-62.2747,4.6787
-62.297,5.2697
-62.3157,5.8612
-62.3308,6.4533
-62.3423,7.0459
-62.3502,7.639
-62.3544,8.2327
-62.3551,8.8269
-62.3521,9.4215
-62.3454,10.0167
-62.3351,10.6124
-62.3212,11.2086
-62.3035,11.8053
-62.2822,12.4024
-62.2572,13
-62.2285,13.5981
-62.196,14.1966
-62.1599,14.7956
-62.12,15.395
-62.0763,15.9949
-62.029,16.5951
-61.9778,17.1958
-61.9229,17.7969
-61.8641,18.3984
-61.8016,19.0003
-61.7352,19.6026
-61.6651,20.2052
-61.591,20.8082
-61.5132,21.4116
-61.4314,22.0153
-61.3458,22.6193
-61.2563,23.2237
-61.1629,23.8284
-61.0655,24.4334
-60.9643,25.0386
-60.859,25.6442
-60.7499,26.25
-60.6367,26.8561
-60.5195,27.4624
-60.3983,28.069
-60.2732,28.6758
-60.1439,29.2828
-60.0106,29.89
-59.8733,30.4974
-59.7318,31.1049
-59.5863,31.7127
-59.4366,32.3205
-59.2828,32.9285
-59.1249,33.5366
-58.9628,34.1448
-58.7965,34.7531
-58.626,35.3615
-58.4513,35.9699
-58.2723,36.5783
-58.0891,37.1868
-57.9017,37.7953
-57.7099,38.4038
-57.5138,39.0122
-57.3135,39.6206
-57.1088,40.2289
-56.8997,40.8372
-56.6863,41.4454
-56.4684,42.0534
-56.2462,42.6613
-56.0195,43.269
-55.7884,43.8766
-55.5529,44.484
-55.3128,45.0911
-55.0683,45.698
-54.8192,46.3047
-54.5657,46.911
-54.3075,47.5171
-54.0448,48.1228
-53.7775,48.7282
-53.5056,49.3332
-53.2291,49.9379
-52.9479,50.5421
-52.6621,51.1458
-52.3716,51.7491
-52.0764,52.3519
-51.7765,52.9542
-51.4719,53.5559
-51.1625,54.157
-50.8483,54.7576
-50.5294,55.3575
-50.2056,55.9568
-49.8771,56.5554
-49.5437,57.1533
-49.2054,57.7505
-48.8623,58.3469
-48.5143,58.9425
-48.1614,59.5373
-47.8036,60.1312
-47.4408,60.7242
-47.0731,61.3164
-46.7004,61.9076
-46.3227,62.4978
-45.94,63.0869
-45.5522,63.6751
-45.1595,64.2622
-44.7617,64.8481
-44.3588,65.433
-43.9508,66.0166
-43.5378,66.599
-43.1196,67.1802
-42.6963,67.7601
-42.2678,68.3387
-41.8342,68.916
-41.3954,69.4918
-40.9515,70.0662
-40.5023,70.6392
-40.0479,71.2107
-39.5883,71.7806
-39.1234,72.3489
-38.6533,72.9157
-38.1779,73.4807
-37.6973,74.0441
-37.2113,74.6058
-36.72,75.1656
-36.2235,75.7237
-35.7216,76.2799
-35.2143,76.8342
-34.7018,77.3866
-34.1838,77.9369
-33.6605,78.4853
-33.1318,79.0316
-32.5978,79.5758
-32.0583,80.1178
-31.5134,80.6576
-30.9631,81.1952
-30.4074,81.7305
-29.8463,82.2634
-29.2797,82.794
-28.7077,83.3222
-28.1302,83.8479
-27.5473,84.371
-26.959,84.8917
-26.3651,85.4097
-25.7658,85.925
-25.161,86.4376
-24.5507,86.9475
-23.935,87.4546
-23.3137,87.9589
-22.687,88.4602
-22.0548,88.9586
-21.4171,89.454
-20.7739,89.9463
-20.1251,90.4356
-19.4709,90.9216
-18.8112,91.4045
-18.146,91.8842
-17.4753,92.3605
-16.7992,92.8335
-16.1175,93.3031
-15.4303,93.7692
-14.7377,94.2319
-14.0395,94.6909
-13.3359,95.1464
-12.6268,95.5982
-11.9122,96.0462
-11.1922,96.4905
-10.4667,96.9309
-9.7357,97.3675
-8.9993,97.8002
-8.2575,98.2288
-7.5102,98.6534
-6.7575,99.0739
-5.9994,99.4903
-5.2359,99.9024
-4.467,100.3103
-3.6927,100.7138
-2.9131,101.113
-2.128,101.5078
-1.3377,101.898
-0.542,102.2838
0.2591,102.6649
1.0654,103.0413
1.877,103.4131
2.6939,103.7801
3.5161,104.1422
4.3435,104.4995
5.1761,104.8519
6.0139,105.1992
6.857,105.5415
7.7052,105.8787
8.5585,106.2107
9.417,106.5375
10.2806,106.859
11.1493,107.1752
12.023,107.4859
12.9018,107.7913
13.7856,108.0911
14.6745,108.3853
15.5682,108.6739
16.467,108.9569
17.3706,109.2341
18.2792,109.5055
19.1926,109.771
20.1109,110.0307
21.0339,110.2843
21.9618,110.5319
22.8944,110.7735
23.8317,111.0089
24.7737,111.2381
25.7204,111.4611
26.6717,111.6777
27.6276,111.888
28.5881,112.0918
29.5531,112.2892
30.5226,112.48
31.4965,112.6642
32.4748,112.8418
33.4576,113.0127
34.4447,113.1768
35.4361,113.3341
36.4317,113.4845
37.4316,113.6279
38.4357,113.7644
39.4439,113.8939
40.4562,114.0162
41.4726,114.1314
42.493,114.2394
43.5174,114.3401
44.5457,114.4335
45.5779,114.5195
46.614,114.5981
47.6538,114.6692
48.6974,114.7328
49.7447,114.7888
50.7957,114.8372
51.8503,114.8779
52.9084,114.9108
53.97,114.936
55.0351,114.9533
56.1036,114.9627
57.1754,114.9642
58.2506,114.9576
59.329,114.943
60.4105,114.9203
61.4953,114.8895
62.5831,114.8505
63.6739,114.8032
64.7677,114.7476
65.8644,114.6836
66.964,114.6113
68.0664,114.5306
69.1715,114.4413
70.2793,114.3435
71.3897,114.2372
72.5027,114.1222
73.6182,113.9985
74.7361,113.8661
75.8564,113.725
76.979,113.575
78.1038,113.4162
79.2309,113.2486
80.36,113.0719
81.4912,112.8863
82.6244,112.6917
83.7595,112.488
84.8965,112.2752
86.0353,112.0533
87.1757,111.8222
88.3179,111.5819
89.4616,111.3323
90.6068,111.0734
91.7534,110.8051
92.9015,110.5275
94.0508,110.2405
95.2013,109.9441
96.353,109.6381
97.5058,109.3227
98.6596,108.9977
99.8143,108.6631
100.9699,108.3188
102.1263,107.965
103.2834,107.6014
104.4411,107.2282
105.5993,106.8452
106.7581,106.4524
107.9172,106.0498
109.0767,105.6374
110.2364,105.2151
111.3962,104.783
112.5562,104.3409
113.7162,103.8889
114.8761,103.4269
116.0358,102.9549
117.1953,102.4729
118.3545,101.9808
119.5133,101.4787
120.6716,100.9665
121.8293,100.4442
122.9864,99.9118
124.1428,99.3693
125.2984,98.8165
126.453,98.2536
127.6067,97.6805
128.7593,97.0971
129.9108,96.5035
131.061,95.8997
132.2099,95.2856
133.3574,94.6612
134.5034,94.0265
135.6478,93.3816
136.7906,92.7262
137.9315,92.0606
139.0707,91.3846
140.2079,90.6983
141.3431,90.0016
142.4762,89.2946
143.607,88.5771
144.7356,87.8493
145.8618,87.1111
146.9856,86.3625
148.1068,85.6035
149.2253,84.8342
150.3411,84.0544
151.4541,83.2642
152.5641,82.4636
153.6712,81.6526
154.7751,80.8312
155.8759,79.9994
156.9734,79.1572
158.0675,78.3046
159.1581,77.4416
160.2437,76.5695
47.1552,24.8162
47.613,23.926
48.0541,23.0273
48.4782,22.1205
48.8852,21.2058
49.275,20.2837
49.6473,19.3545
50.0022,18.4184
50.3393,17.4758
50.6588,16.527
50.9603,15.5724
51.2439,14.6123
51.5093,13.6471
51.7566,12.677
51.9856,11.7025
52.1963,10.7238
52.3885,9.7413
52.5623,8.7554
52.7175,7.7665
52.8541,6.7747
52.972,5.7806
53.0713,4.7844
53.1518,3.7866
53.2136,2.7874
53.2565,1.7872
53.2807,0.7864
53.2861,-0.2146
53.2727,-1.2156
53.2404,-2.2162
53.1894,-3.216
53.1196,-4.2146
53.031,-5.2118
52.9238,-6.2071
52.7978,-7.2003
52.6532,-8.1909
52.4901,-9.1786
52.3084,-10.163
52.1082,-11.1439
51.8897,-12.1209
51.6528,-13.0935
51.3977,-14.0616
51.1245,-15.0246
50.8332,-15.9824
50.524,-16.9346
50.1969,-17.8807
49.8522,-18.8206
49.4898,-19.7538
49.11,-20.68
48.7128,-21.599
48.2985,-22.5103
47.8671,-23.4136
47.4188,-24.3087
46.9537,-25.1953
46.4721,-26.0729
45.9741,-26.9413
45.4599,-27.8002
44.9296,-28.6494
44.3834,-29.4883
43.8216,-30.3169
43.2444,-31.1348
42.6518,-31.9417
42.0443,-32.7373
41.4218,-33.5214
40.7848,-34.2937
40.1333,-35.0538
39.4677,-35.8016
38.7882,-36.5367
38.095,-37.2589
37.3883,-37.968
36.6684,-38.6637
35.9356,-39.3457
35.1901,-40.0139
34.4322,-40.6679
33.6621,-41.3076
32.8802,-41.9326
32.0866,-42.5429
31.2818,-43.1382
30.4658,-43.7183
29.6392,-44.2829
28.802,-44.8319
27.9547,-45.365
27.0976,-45.8822
26.2308,-46.3831
25.3548,-46.8677
24.4699,-47.3358
23.5763,-47.7871
22.6744,-48.2216
21.7645,-48.6391
20.847,-49.0393
19.922,-49.4223
18.9901,-49.7879
18.0514,-50.1358
17.1063,-50.4661
16.1553,-50.7785
15.1985,-51.0731
14.2363,-51.3496
13.2692,-51.608
13.0803237374229,-51.6561539536115
12.6015840428429,-51.7750418807542
12.1217865791922,-51.8895890024933
11.6409906079503,-51.9998790853977
11.1592512811936,-52.105993520322
10.6766197909041,-52.2080112525461
10.1931435182789,-52.3060087165185
9.70886618293407,-52.4000597751683
9.22382799189875,-52.4902356637506
8.73806578829348,-52.576604938186
8.25161319959201,-52.6592334278545
7.76450078536433,-52.738184192802
7.27675618440095,-52.8135174853136
6.78840426112002,-52.8852907158096
6.29946725116001,-52.9535584230142
5.80996490606204,-53.0183722483484
5.31991463694786,-53.0797809144945
4.82933165710042,-53.137830208079
4.33822912335602,-53.1925629664187
3.8466182762183,-53.2440190682727
3.35450857860596,-53.2922354285418
2.86190785314794,-53.3372459968544
2.36882241794114,-53.3790817599782
1.87525722068771,-53.4177707479924
1.38121597113043,-53.4533380441564
0.886701271706771,-53.4858057984083
0.391714746343434,-53.5151932444249
-0.103742832684421,-53.5415167201732
-0.599671419903538,-53.5647896918834
-1.09607157387531,-53.5850227813703
-1.59294433658086,-53.6022237966303
-2.09029111502789,-53.6163977656381
-2.5881135651454,-53.6275469732678
-3.08641347803164,-53.6356710012607
-3.58519266861812,-53.6407667711618
-4.0844528668105,-53.6428285901441
-4.58419561116559,-53.6418481996426
-5.08442214516138,-53.6378148267125
-5.5851333161151,-53.6307152380331
-6.08632947680232,-53.6205337964704
-6.58801038982813,-53.6072525201158
-7.09017513479912,-53.5908511437143
-7.59282201834316,-53.5713071823973
-8.09594848702163,-53.548595997631
-8.59955104317692,-53.5226908652949
-9.10362516375549,-53.4935630458001
-9.60816522214535,-53.4611818561589
-10.1131644130638,-53.4255147439167
-10.6186146805302,-53.3865273628544
-11.1245066489555,-53.3441836503719
-11.630829557378,-53.2984459064602
-12.1375711968747,-53.2492748741718
-12.6447178511721,-53.1966298214949
-13.1522542404802,-53.1404686245423
-13.660163468573,-53.0807478519584
-14.1684269731312,-53.0174228504543
-14.6770244793676,-52.9504478313762
-15.1859339569472,-52.8797759582136
-15.6951315802167,-52.8053594349546
-16.2045916917524,-52.7271495951933
-16.7142867692356,-52.6450969918974
-17.2241873956615,-52.5591514877401
-17.7342622328856,-52.4692623459044
-18.2444779985089,-52.3753783212651
-18.7547994461022,-52.2774477518557
-19.2651893487673,-52.1754186505263
-19.7756084860286,-52.0692387966998
-20.2860156340514,-51.9588558281338
-20.7963675591745,-51.8442173325947
-21.3066190147491,-51.7252709393531
-21.8167227412688,-51.6019644104071
-22.3266294697765,-51.4742457313443
-22.8362879285304,-51.3420632017493
-23.3456448529099,-51.2053655250674
-23.8546449985395,-51.0641018978354
-24.3632311576078,-50.9182220981884
-24.8713441783553,-50.7676765735556
-25.3789229877036,-50.6124165274566
-25.8859046169967,-50.4523940053102
-26.3922242308217,-50.287561979171
-26.897815158877,-50.1178744313064
-27.4026089308503,-49.94328643653
-27.9065353142702,-49.7637542432073
-28.4095223552917,-49.5792353528509
-28.9114964223737,-49.3896885982223
-29.4123822528057,-49.1950742198604
-29.9121030020381,-48.9953539409559
-30.4105802957695,-48.7904910404918
-30.9077342847415,-48.5804504245747
-31.4034837021909,-48.3651986958767
-31.8977459239065,-48.1447042211157
-32.3904370308369,-47.9189371964965
-32.881471874192,-47.687869711043
-33.3707641429817,-47.4514758077463
-33.8582264339324,-47.209731542461
-34.3437703237197,-46.9626150404786
-34.8273064434548,-46.7101065507116
-35.3087445553604,-46.4521884974209
-35.7879936315711,-46.1888455294226
-36.264961934989,-45.9200645667094
-36.7395571021276,-45.6458348444271
-37.2116862278726,-45.3661479541426
-37.6812559520879,-45.0809978823481
-38.1481725479932,-44.7903810461413
-38.6123420122397,-44.4942963260287
-39.0736701566064,-44.192745095796
-39.5320627012408,-43.8857312493952
-39.9874253693645,-43.5732612247962
-40.4396639833648,-43.2553440247567
-40.8886845621899,-42.9319912344604
-41.3343934199667,-42.6032170359815
-41.7766972657562,-42.2690382195302
-42.215503304364,-41.9294741914379
-42.6507193381178,-41.5845469788444
-43.0822538695272,-41.2342812310468
-43.5100162047363,-40.8787042174771
-43.9339165576828,-40.5178458222721
-44.3538661548703,-40.1517385354064
-44.7697773406677,-39.7804174403566
-45.18156368304,-39.4039201982703
-45.5891400796217,-39.0222870286132
-45.9924228640373,-38.6355606862714
-46.391329912377,-38.2437864350868
-46.7857807497318,-37.8470120178056
-47.1756966566939,-37.445287622424
-47.561000775726,-37.0386658449132
-47.9416182173034,-36.6272016483138
-48.3174761657324,-36.2109523181848
-48.688503984547,-35.7899774144014
-49.0546333213874,-35.3643387192934
-49.4157982122598,-34.9341001821195
-49.7719351850824,-34.4993278598759
-50.1229833624147,-34.0600898544377
-50.468884563275,-33.6164562460378
-50.809583403943,-33.1684990230835
-51.145027397651,-32.7162920083218
-51.4751670530622,-32.2599107813583
-51.799955971437,-31.799432597543
-52.1193509423864,-31.3349363032358
-52.4333120381147,-30.8665022474664
-52.7418027060496,-30.3942121900072
-53.0447898597606,-29.9181492058787
-53.3422439680664,-29.4383975863104
-53.6341391422315,-28.9550427361804
-53.9204532211529,-28.468171067962
-54.2011678544369,-27.9778698922058
-54.4762685832694,-27.4842273045883
-54.7457449189786,-26.9873320695613
-55.0095904191944,-26.4872735006372
-55.2678027615053,-25.9841413373492
-55.5203838145174,-25.478025618927
-55.7673397062167,-24.9690165547288
-56.0086808895408,-24.4572043914771
-56.2444222050638,-23.9426792773442
-56.4745829406988,-23.4255311229359
-56.6991868883261,-22.9058494592275
-56.9182623972514,-22.3837232925034
-57.1318424244036,-21.8592409563581
-57.339964581179,-21.3324899608163
-57.5426711768428,-20.803556838632
-57.7400092583955,-20.2725269888313
-57.9320306468193,-19.7394845175605
-58.118791969612,-19.2045120763095
-58.3003546895259,-18.667690697578
-58.4767851294231,-18.1290996280564
-58.6481544931643,-17.5888161593944
-58.8145388824467,-17.0469154566324
-58.9760193095107,-16.5034703843744
-59.1326817056319,-15.9585513307812
-59.2846169253214,-15.4122260294652
-59.4319207461552,-14.8645593793709
-59.5746938641561,-14.315613262727
-59.7130418846527,-13.7654463611572
-59.8470753085425,-13.2141139700396
-59.9769095138857,-12.6616678112054
-60.10266473276,-12.1081558440719
-60.2244660233075,-11.5536220753039
-60.3424432369046,-10.9981063671
-60.4567309803923,-10.4416442442047
-60.5674685732995,-9.88426669974586
