timestamp,elapsed_s,actuator,cycle,position,code,channel,tap,bank_uv,physical_error_mv,pp_bank_uv,valid
2026-09-10T08:27:50.851,83.672,IDAC3,1,A1,67,0,PGAgain,999984,-30.192,1735,1
2026-09-10T08:27:51.438,84.259,IDAC3,1,A1,67,0,PGAgain,1001186,-6.254,2422,1
2026-09-10T08:27:52.024,84.845,IDAC3,1,A1,67,0,PGAgain,1000499,-19.936,1735,1
2026-09-10T08:27:52.609,85.43,IDAC3,1,A1,67,1,BPo,993576,-157.812,3070,1
2026-09-10T08:27:53.193,86.014,IDAC3,1,A1,67,1,BPo,992698,-175.298,2441,1
2026-09-10T08:27:53.794,86.615,IDAC3,1,A1,67,1,BPo,993556,-158.21,2689,1
2026-09-10T08:27:54.393,87.214,IDAC3,1,A1,67,2,OPA_SUMo,957889,-868.544,553,1
2026-09-10T08:27:54.978,87.799,IDAC3,1,A1,67,2,OPA_SUMo,957412,-878.043,514,1
2026-09-10T08:27:55.563,88.385,IDAC3,1,A1,67,2,OPA_SUMo,957088,-884.496,572,1
2026-09-10T08:27:56.150,88.972,IDAC3,1,A1,67,3,SUMo,957183,-882.604,667,1
2026-09-10T08:27:56.733,89.554,IDAC3,1,A1,67,3,SUMo,956821,-889.814,514,1
2026-09-10T08:27:57.320,90.141,IDAC3,1,A1,67,3,SUMo,956401,-898.178,534,1
2026-09-10T08:27:57.927,90.749,IDAC3,1,A1,67,4,LPo,1106109,2083.361,57,1
2026-09-10T08:27:58.513,91.334,IDAC3,1,A1,67,4,LPo,1106090,2082.983,76,1
2026-09-10T08:27:59.100,91.921,IDAC3,1,A1,67,4,LPo,1106090,2082.983,95,1
2026-09-10T08:28:04.758,97.579,IDAC3,1,B1,99,0,PGAgain,1000041,-29.057,1010,1
2026-09-10T08:28:05.345,98.166,IDAC3,1,B1,99,0,PGAgain,1001510,0.199,2231,1
2026-09-10T08:28:05.929,98.75,IDAC3,1,B1,99,0,PGAgain,1000556,-18.8,2498,1
2026-09-10T08:28:06.514,99.335,IDAC3,1,B1,99,1,BPo,994758,-134.272,2708,1
2026-09-10T08:28:07.097,99.919,IDAC3,1,B1,99,1,BPo,993938,-150.603,3490,1
2026-09-10T08:28:07.684,100.506,IDAC3,1,B1,99,1,BPo,995159,-126.285,3299,1
2026-09-10T08:28:08.271,101.092,IDAC3,1,B1,99,2,OPA_SUMo,951900,-987.819,1049,1
2026-09-10T08:28:08.857,101.678,IDAC3,1,B1,99,2,OPA_SUMo,951633,-993.136,858,1
2026-09-10T08:28:09.444,102.265,IDAC3,1,B1,99,2,OPA_SUMo,951118,-1003.393,1010,1
2026-09-10T08:28:10.031,102.852,IDAC3,1,B1,99,3,SUMo,951499,-995.805,991,1
2026-09-10T08:28:10.616,103.438,IDAC3,1,B1,99,3,SUMo,951118,-1003.393,858,1
2026-09-10T08:28:11.203,104.024,IDAC3,1,B1,99,3,SUMo,950794,-1009.845,610,1
2026-09-10T08:28:11.789,104.61,IDAC3,1,B1,99,4,LPo,1106128,2083.74,95,1
2026-09-10T08:28:12.375,105.196,IDAC3,1,B1,99,4,LPo,1106090,2082.983,95,1
2026-09-10T08:28:12.983,105.804,IDAC3,1,B1,99,4,LPo,1106090,2082.983,76,1
2026-09-10T08:28:18.640,111.461,IDAC3,1,B2,99,0,PGAgain,999965,-30.571,2193,1
2026-09-10T08:28:19.227,112.048,IDAC3,1,B2,99,0,PGAgain,1001853,7.03,2479,1
2026-09-10T08:28:19.827,112.648,IDAC3,1,B2,99,0,PGAgain,1001110,-7.767,1754,1
2026-09-10T08:28:20.429,113.25,IDAC3,1,B2,99,1,BPo,995502,-119.454,3261,1
2026-09-10T08:28:21.016,113.837,IDAC3,1,B2,99,1,BPo,996112,-107.306,3700,1
2026-09-10T08:28:21.603,114.424,IDAC3,1,B2,99,1,BPo,995674,-116.029,3128,1
2026-09-10T08:28:22.202,115.023,IDAC3,1,B2,99,2,OPA_SUMo,947341,-1078.614,1049,1
2026-09-10T08:28:22.784,115.606,IDAC3,1,B2,99,2,OPA_SUMo,947036,-1084.689,934,1
2026-09-10T08:28:23.369,116.19,IDAC3,1,B2,99,2,OPA_SUMo,946598,-1093.412,1049,1
2026-09-10T08:28:23.956,116.777,IDAC3,1,B2,99,3,SUMo,946979,-1085.824,877,1
2026-09-10T08:28:24.542,117.363,IDAC3,1,B2,99,3,SUMo,946731,-1090.763,820,1
2026-09-10T08:28:25.129,117.95,IDAC3,1,B2,99,3,SUMo,946407,-1097.216,896,1
2026-09-10T08:28:25.714,118.535,IDAC3,1,B2,99,4,LPo,1106147,2084.118,133,1
2026-09-10T08:28:26.300,119.122,IDAC3,1,B2,99,4,LPo,1106128,2083.74,171,1
2026-09-10T08:28:26.886,119.707,IDAC3,1,B2,99,4,LPo,1106071,2082.605,114,1
2026-09-10T08:28:32.544,125.365,IDAC3,1,A2,67,0,PGAgain,1000099,-27.902,2174,1
2026-09-10T08:28:33.125,125.947,IDAC3,1,A2,67,0,PGAgain,1001605,2.091,2098,1
2026-09-10T08:28:33.712,126.534,IDAC3,1,A2,67,0,PGAgain,1000080,-28.28,2098,1
2026-09-10T08:28:34.299,127.121,IDAC3,1,A2,67,1,BPo,995559,-118.319,3204,1
2026-09-10T08:28:34.901,127.722,IDAC3,1,A2,67,1,BPo,995807,-113.38,3166,1
2026-09-10T08:28:35.488,128.309,IDAC3,1,A2,67,1,BPo,996284,-103.88,3337,1
2026-09-10T08:28:36.075,128.896,IDAC3,1,A2,67,2,OPA_SUMo,944080,-1143.559,1468,1
2026-09-10T08:28:36.661,129.483,IDAC3,1,A2,67,2,OPA_SUMo,943756,-1150.012,1716,1
2026-09-10T08:28:37.248,130.069,IDAC3,1,A2,67,2,OPA_SUMo,943374,-1157.62,1430,1
2026-09-10T08:28:37.832,130.653,IDAC3,1,A2,67,3,SUMo,944118,-1142.803,1544,1
2026-09-10T08:28:38.417,131.239,IDAC3,1,A2,67,3,SUMo,943660,-1151.924,1239,1
2026-09-10T08:28:39.004,131.826,IDAC3,1,A2,67,3,SUMo,943450,-1156.106,1373,1
2026-09-10T08:28:39.592,132.413,IDAC3,1,A2,67,4,LPo,1106128,2083.74,114,1
2026-09-10T08:28:40.178,133.0,IDAC3,1,A2,67,4,LPo,1106109,2083.361,95,1
2026-09-10T08:28:40.763,133.585,IDAC3,1,A2,67,4,LPo,1106109,2083.361,76,1
2026-09-10T08:28:46.404,139.225,IDAC3,2,A1,67,0,PGAgain,1000251,-24.875,2326,1
2026-09-10T08:28:46.990,139.811,IDAC3,2,A1,67,0,PGAgain,1001644,2.868,2574,1
2026-09-10T08:28:47.574,140.395,IDAC3,2,A1,67,0,PGAgain,1001033,-9.301,2193,1
2026-09-10T08:28:48.177,140.999,IDAC3,2,A1,67,1,BPo,996913,-91.353,3757,1
2026-09-10T08:28:48.764,141.586,IDAC3,2,A1,67,1,BPo,996780,-94.002,3299,1
2026-09-10T08:28:49.351,142.173,IDAC3,2,A1,67,1,BPo,996036,-108.819,3471,1
2026-09-10T08:28:49.938,142.759,IDAC3,2,A1,67,2,OPA_SUMo,941982,-1185.343,1029,1
2026-09-10T08:28:50.543,143.364,IDAC3,2,A1,67,2,OPA_SUMo,941352,-1197.89,1163,1
2026-09-10T08:28:51.129,143.95,IDAC3,2,A1,67,2,OPA_SUMo,941143,-1202.052,991,1
2026-09-10T08:28:51.716,144.537,IDAC3,2,A1,67,3,SUMo,942096,-1183.072,1277,1
2026-09-10T08:28:52.303,145.124,IDAC3,2,A1,67,3,SUMo,941734,-1190.282,858,1
2026-09-10T08:28:52.908,145.729,IDAC3,2,A1,67,3,SUMo,941352,-1197.89,1163,1
2026-09-10T08:28:53.515,146.336,IDAC3,2,A1,67,4,LPo,1106109,2083.361,95,1
2026-09-10T08:28:54.102,146.923,IDAC3,2,A1,67,4,LPo,1106090,2082.983,133,1
2026-09-10T08:28:54.704,147.525,IDAC3,2,A1,67,4,LPo,1106090,2082.983,114,1
2026-09-10T08:29:00.366,153.187,IDAC3,2,B1,99,0,PGAgain,1000366,-22.584,2193,1
2026-09-10T08:29:00.952,153.773,IDAC3,2,B1,99,0,PGAgain,1001586,1.713,3051,1
2026-09-10T08:29:01.539,154.36,IDAC3,2,B1,99,0,PGAgain,1000938,-11.193,3223,1
2026-09-10T08:29:02.123,154.944,IDAC3,2,B1,99,1,BPo,995883,-111.866,4215,1
2026-09-10T08:29:02.710,155.531,IDAC3,2,B1,99,1,BPo,996818,-93.245,3814,1
2026-09-10T08:29:03.297,156.118,IDAC3,2,B1,99,1,BPo,996170,-106.151,3089,1
2026-09-10T08:29:03.884,156.705,IDAC3,2,B1,99,2,OPA_SUMo,940818,-1208.525,1811,1
2026-09-10T08:29:04.471,157.292,IDAC3,2,B1,99,2,OPA_SUMo,940132,-1222.187,1773,1
2026-09-10T08:29:05.057,157.878,IDAC3,2,B1,99,2,OPA_SUMo,940208,-1220.673,2021,1
2026-09-10T08:29:05.644,158.465,IDAC3,2,B1,99,3,SUMo,940895,-1206.991,1392,1
2026-09-10T08:29:06.231,159.052,IDAC3,2,B1,99,3,SUMo,940685,-1211.173,1049,1
2026-09-10T08:29:06.817,159.638,IDAC3,2,B1,99,3,SUMo,940475,-1215.356,1201,1
2026-09-10T08:29:07.403,160.224,IDAC3,2,B1,99,4,LPo,1106090,2082.983,95,1
2026-09-10T08:29:08.004,160.826,IDAC3,2,B1,99,4,LPo,1106090,2082.983,114,1
2026-09-10T08:29:08.608,161.429,IDAC3,2,B1,99,4,LPo,1106090,2082.983,114,1
2026-09-10T08:29:14.249,167.07,IDAC3,2,B2,99,0,PGAgain,1000499,-19.936,2307,1
2026-09-10T08:29:14.848,167.669,IDAC3,2,B2,99,0,PGAgain,1000442,-21.071,2536,1
2026-09-10T08:29:15.434,168.255,IDAC3,2,B2,99,0,PGAgain,1001110,-7.767,2937,1
2026-09-10T08:29:16.021,168.842,IDAC3,2,B2,99,1,BPo,996551,-98.563,3910,1
2026-09-10T08:29:16.625,169.446,IDAC3,2,B2,99,1,BPo,996818,-93.245,2727,1
2026-09-10T08:29:17.225,170.046,IDAC3,2,B2,99,1,BPo,996112,-107.306,3280,1
2026-09-10T08:29:21.716,174.538,IDAC3,2,B2,99,2,OPA_SUMo,939254,-1239.673,1010,1
2026-09-10T08:29:22.262,175.084,IDAC3,2,B2,99,2,OPA_SUMo,938892,-1246.882,1258,1
2026-09-10T08:29:22.805,175.626,IDAC3,2,B2,99,2,OPA_SUMo,938549,-1253.713,1068,1
2026-09-10T08:29:25.542,178.363,IDAC3,2,B2,99,3,SUMo,938758,-1249.551,801,1
2026-09-10T08:29:26.141,178.963,IDAC3,2,B2,99,3,SUMo,938549,-1253.713,1125,1
2026-09-10T08:29:26.727,179.549,IDAC3,2,B2,99,3,SUMo,938091,-1262.835,1087,1
2026-09-10T08:29:27.314,180.136,IDAC3,2,B2,99,4,LPo,1106071,2082.605,95,1
2026-09-10T08:29:27.901,180.723,IDAC3,2,B2,99,4,LPo,1106090,2082.983,152,1
2026-09-10T08:29:28.488,181.309,IDAC3,2,B2,99,4,LPo,1106109,2083.361,171,1
2026-09-10T08:29:34.131,186.952,IDAC3,2,A2,67,0,PGAgain,1000766,-14.618,3032,1
2026-09-10T08:29:34.718,187.539,IDAC3,2,A2,67,0,PGAgain,1001110,-7.767,2307,1
2026-09-10T08:29:35.305,188.126,IDAC3,2,A2,67,0,PGAgain,1001663,3.246,2021,1
2026-09-10T08:29:35.889,188.71,IDAC3,2,A2,67,1,BPo,996437,-100.833,4062,1
2026-09-10T08:29:36.495,189.316,IDAC3,2,A2,67,1,BPo,998497,-59.807,3223,1
2026-09-10T08:29:37.082,189.903,IDAC3,2,A2,67,1,BPo,996551,-98.563,2975,1
2026-09-10T08:29:37.668,190.49,IDAC3,2,A2,67,2,OPA_SUMo,938358,-1257.517,1144,1
2026-09-10T08:29:38.255,191.076,IDAC3,2,A2,67,2,OPA_SUMo,938072,-1263.213,1258,1
2026-09-10T08:29:38.842,191.663,IDAC3,2,A2,67,2,OPA_SUMo,937862,-1267.395,1792,1
2026-09-10T08:29:39.429,192.25,IDAC3,2,A2,67,3,SUMo,938625,-1252.2,1525,1
2026-09-10T08:29:40.016,192.837,IDAC3,2,A2,67,3,SUMo,938549,-1253.713,2574,1
2026-09-10T08:29:40.600,193.421,IDAC3,2,A2,67,3,SUMo,938339,-1257.896,1316,1
2026-09-10T08:29:41.208,194.029,IDAC3,2,A2,67,4,LPo,1106090,2082.983,114,1
2026-09-10T08:29:41.793,194.614,IDAC3,2,A2,67,4,LPo,1106109,2083.361,95,1
2026-09-10T08:29:42.379,195.2,IDAC3,2,A2,67,4,LPo,1106128,2083.74,95,1
2026-09-10T08:29:48.021,200.842,IDAC3,3,A1,67,0,PGAgain,1000728,-15.375,3280,1
2026-09-10T08:29:48.624,201.446,IDAC3,3,A1,67,0,PGAgain,999774,-34.374,2040,1
2026-09-10T08:29:49.210,202.031,IDAC3,3,A1,67,0,PGAgain,1001682,3.625,2174,1
2026-09-10T08:29:49.795,202.616,IDAC3,3,A1,67,1,BPo,996799,-93.624,2593,1
2026-09-10T08:29:50.381,203.202,IDAC3,3,A1,67,1,BPo,997104,-87.549,2574,1
2026-09-10T08:29:50.968,203.789,IDAC3,3,A1,67,1,BPo,996551,-98.563,2498,1
2026-09-10T08:29:51.555,204.376,IDAC3,3,A1,67,2,OPA_SUMo,938453,-1255.625,1010,1
2026-09-10T08:29:52.142,204.963,IDAC3,3,A1,67,2,OPA_SUMo,938262,-1259.429,1029,1
2026-09-10T08:29:52.725,205.547,IDAC3,3,A1,67,2,OPA_SUMo,938167,-1261.321,953,1
2026-09-10T08:29:53.313,206.134,IDAC3,3,A1,67,3,SUMo,938510,-1254.49,1125,1
2026-09-10T08:29:53.899,206.72,IDAC3,3,A1,67,3,SUMo,938682,-1251.064,953,1
2026-09-10T08:29:54.485,207.306,IDAC3,3,A1,67,3,SUMo,938396,-1256.76,1106,1
2026-09-10T08:29:55.072,207.893,IDAC3,3,A1,67,4,LPo,1106109,2083.361,133,1
2026-09-10T08:29:55.657,208.478,IDAC3,3,A1,67,4,LPo,1106109,2083.361,114,1
2026-09-10T08:29:56.243,209.065,IDAC3,3,A1,67,4,LPo,1106071,2082.605,76,1
2026-09-10T08:30:01.884,214.705,IDAC3,3,B1,99,0,PGAgain,1000709,-15.753,1869,1
2026-09-10T08:30:02.471,215.292,IDAC3,3,B1,99,0,PGAgain,1000976,-10.436,2250,1
2026-09-10T08:30:03.058,215.879,IDAC3,3,B1,99,0,PGAgain,1000671,-16.51,1621,1
2026-09-10T08:30:03.645,216.466,IDAC3,3,B1,99,1,BPo,998516,-59.428,3318,1
2026-09-10T08:30:04.232,217.053,IDAC3,3,B1,99,1,BPo,996475,-100.076,2384,1
2026-09-10T08:30:04.817,217.639,IDAC3,3,B1,99,1,BPo,997848,-72.732,1735,1
2026-09-10T08:30:05.404,218.226,IDAC3,3,B1,99,2,OPA_SUMo,938510,-1254.49,1354,1
2026-09-10T08:30:05.991,218.812,IDAC3,3,B1,99,2,OPA_SUMo,938148,-1261.699,1220,1
2026-09-10T08:30:06.577,219.398,IDAC3,3,B1,99,2,OPA_SUMo,938205,-1260.564,1239,1
2026-09-10T08:30:07.163,219.984,IDAC3,3,B1,99,3,SUMo,938949,-1245.747,1163,1
2026-09-10T08:30:07.749,220.57,IDAC3,3,B1,99,3,SUMo,938663,-1251.443,1087,1
2026-09-10T08:30:08.336,221.157,IDAC3,3,B1,99,3,SUMo,938415,-1256.382,1316,1
2026-09-10T08:30:08.944,221.765,IDAC3,3,B1,99,4,LPo,1106128,2083.74,95,1
2026-09-10T08:30:09.551,222.372,IDAC3,3,B1,99,4,LPo,1106109,2083.361,133,1
2026-09-10T08:30:10.138,222.959,IDAC3,3,B1,99,4,LPo,1106052,2082.226,133,1
2026-09-10T08:30:15.780,228.601,IDAC3,3,B2,99,0,PGAgain,1000308,-23.74,1850,1
2026-09-10T08:30:16.367,229.188,IDAC3,3,B2,99,0,PGAgain,1001167,-6.632,2136,1
2026-09-10T08:30:16.953,229.774,IDAC3,3,B2,99,0,PGAgain,1001834,6.652,1811,1
2026-09-10T08:30:17.539,230.36,IDAC3,3,B2,99,1,BPo,997142,-86.793,3585,1
2026-09-10T08:30:18.126,230.947,IDAC3,3,B2,99,1,BPo,996265,-104.259,3070,1
2026-09-10T08:30:18.712,231.534,IDAC3,3,B2,99,1,BPo,998344,-62.854,2136,1
2026-09-10T08:30:19.299,232.121,IDAC3,3,B2,99,2,OPA_SUMo,938453,-1255.625,1125,1
2026-09-10T08:30:19.886,232.707,IDAC3,3,B2,99,2,OPA_SUMo,938377,-1257.139,1182,1
2026-09-10T08:30:20.473,233.294,IDAC3,3,B2,99,2,OPA_SUMo,938072,-1263.213,915,1
2026-09-10T08:30:21.059,233.881,IDAC3,3,B2,99,3,SUMo,938892,-1246.882,743,1
2026-09-10T08:30:21.646,234.468,IDAC3,3,B2,99,3,SUMo,938739,-1249.929,1010,1
2026-09-10T08:30:22.233,235.054,IDAC3,3,B2,99,3,SUMo,938377,-1257.139,686,1
2026-09-10T08:30:22.839,235.661,IDAC3,3,B2,99,4,LPo,1106071,2082.605,76,1
2026-09-10T08:30:23.426,236.247,IDAC3,3,B2,99,4,LPo,1106090,2082.983,76,1
2026-09-10T08:30:24.034,236.855,IDAC3,3,B2,99,4,LPo,1106052,2082.226,76,1
2026-09-10T08:30:29.697,242.518,IDAC3,3,A2,67,0,PGAgain,1000404,-21.828,1792,1
2026-09-10T08:30:30.284,243.105,IDAC3,3,A2,67,0,PGAgain,1001453,-0.936,2384,1
2026-09-10T08:30:30.870,243.691,IDAC3,3,A2,67,0,PGAgain,1001682,3.625,2326,1
2026-09-10T08:30:31.457,244.278,IDAC3,3,A2,67,1,BPo,997047,-88.685,2822,1
2026-09-10T08:30:32.044,244.865,IDAC3,3,A2,67,1,BPo,996246,-104.637,3490,1
2026-09-10T08:30:32.630,245.451,IDAC3,3,A2,67,1,BPo,998325,-63.232,2899,1
2026-09-10T08:30:33.217,246.038,IDAC3,3,A2,67,2,OPA_SUMo,938339,-1257.896,1296,1
2026-09-10T08:30:33.804,246.625,IDAC3,3,A2,67,2,OPA_SUMo,938224,-1260.186,1678,1
2026-09-10T08:30:34.391,247.212,IDAC3,3,A2,67,2,OPA_SUMo,937786,-1268.909,1659,1
2026-09-10T08:30:34.977,247.798,IDAC3,3,A2,67,3,SUMo,938663,-1251.443,1430,1
2026-09-10T08:30:35.563,248.384,IDAC3,3,A2,67,3,SUMo,938224,-1260.186,1697,1
2026-09-10T08:30:36.149,248.97,IDAC3,3,A2,67,3,SUMo,938262,-1259.429,1163,1
2026-09-10T08:30:36.756,249.577,IDAC3,3,A2,67,4,LPo,1106109,2083.361,76,1
2026-09-10T08:30:37.343,250.164,IDAC3,3,A2,67,4,LPo,1106109,2083.361,95,1
2026-09-10T08:30:37.928,250.75,IDAC3,3,A2,67,4,LPo,1106109,2083.361,133,1
2026-09-10T08:30:48.625,261.447,IDAC2,1,A1,238,0,PGAgain,999946,-30.949,2841,1
2026-09-10T08:30:49.213,262.034,IDAC2,1,A1,238,0,PGAgain,1001510,0.199,2403,1
2026-09-10T08:30:49.799,262.62,IDAC2,1,A1,238,0,PGAgain,1001510,0.199,2727,1
2026-09-10T08:30:50.385,263.206,IDAC2,1,A1,238,1,BPo,997009,-89.441,3757,1
2026-09-10T08:30:50.971,263.792,IDAC2,1,A1,238,1,BPo,996303,-103.502,3700,1
2026-09-10T08:30:51.558,264.379,IDAC2,1,A1,238,1,BPo,997161,-86.414,3414,1
2026-09-10T08:30:52.144,264.966,IDAC2,1,A1,238,2,OPA_SUMo,931072,-1402.623,1049,1
2026-09-10T08:30:52.750,265.571,IDAC2,1,A1,238,2,OPA_SUMo,930652,-1410.988,1068,1
2026-09-10T08:30:53.337,266.158,IDAC2,1,A1,238,2,OPA_SUMo,930557,-1412.88,1373,1
2026-09-10T08:30:53.924,266.745,IDAC2,1,A1,238,3,SUMo,931262,-1398.839,915,1
2026-09-10T08:30:54.511,267.332,IDAC2,1,A1,238,3,SUMo,931053,-1403.001,1068,1
2026-09-10T08:30:55.098,267.919,IDAC2,1,A1,238,3,SUMo,930862,-1406.805,1373,1
2026-09-10T08:30:55.683,268.504,IDAC2,1,A1,238,4,LPo,1106128,2083.74,95,1
2026-09-10T08:30:56.291,269.112,IDAC2,1,A1,238,4,LPo,1106090,2082.983,95,1
2026-09-10T08:30:56.875,269.696,IDAC2,1,A1,238,4,LPo,1106052,2082.226,152,1
2026-09-10T08:31:02.538,275.359,IDAC2,1,B1,254,0,PGAgain,1000061,-28.659,2384,1
2026-09-10T08:31:03.125,275.946,IDAC2,1,B1,254,0,PGAgain,1001567,1.334,2555,1
2026-09-10T08:31:03.712,276.533,IDAC2,1,B1,254,0,PGAgain,1001281,-4.362,3623,1
2026-09-10T08:31:04.299,277.12,IDAC2,1,B1,254,1,BPo,997085,-87.928,4215,1
2026-09-10T08:31:04.903,277.724,IDAC2,1,B1,254,1,BPo,996646,-96.671,4272,1
2026-09-10T08:31:05.490,278.311,IDAC2,1,B1,254,1,BPo,997180,-86.036,4215,1
2026-09-10T08:31:06.076,278.897,IDAC2,1,B1,254,2,OPA_SUMo,938758,-1249.551,2002,1
2026-09-10T08:31:06.662,279.483,IDAC2,1,B1,254,2,OPA_SUMo,938739,-1249.929,1411,1
2026-09-10T08:31:07.248,280.069,IDAC2,1,B1,254,2,OPA_SUMo,938453,-1255.625,1220,1
2026-09-10T08:31:07.833,280.655,IDAC2,1,B1,254,3,SUMo,939331,-1238.139,1354,1
2026-09-10T08:31:08.420,281.241,IDAC2,1,B1,254,3,SUMo,938816,-1248.396,1907,1
2026-09-10T08:31:09.007,281.828,IDAC2,1,B1,254,3,SUMo,938911,-1246.504,1125,1
2026-09-10T08:31:09.614,282.435,IDAC2,1,B1,254,4,LPo,1106109,2083.361,133,1
2026-09-10T08:31:10.201,283.022,IDAC2,1,B1,254,4,LPo,1106090,2082.983,114,1
2026-09-10T08:31:10.787,283.608,IDAC2,1,B1,254,4,LPo,1106071,2082.605,95,1
2026-09-10T08:31:16.429,289.25,IDAC2,1,B2,254,0,PGAgain,999832,-33.219,3108,1
2026-09-10T08:31:17.034,289.855,IDAC2,1,B2,254,0,PGAgain,1001682,3.625,2479,1
2026-09-10T08:31:17.617,290.438,IDAC2,1,B2,254,0,PGAgain,1000804,-13.861,2689,1
2026-09-10T08:31:18.204,291.025,IDAC2,1,B2,254,1,BPo,996608,-97.428,3070,1
2026-09-10T08:31:18.788,291.609,IDAC2,1,B2,254,1,BPo,996761,-94.381,4005,1
2026-09-10T08:31:19.375,292.196,IDAC2,1,B2,254,1,BPo,997238,-84.881,4329,1
2026-09-10T08:31:19.962,292.783,IDAC2,1,B2,254,2,OPA_SUMo,938835,-1248.017,1220,1
2026-09-10T08:31:20.549,293.37,IDAC2,1,B2,254,2,OPA_SUMo,938625,-1252.2,1029,1
2026-09-10T08:31:21.135,293.956,IDAC2,1,B2,254,2,OPA_SUMo,938320,-1258.274,934,1
2026-09-10T08:31:21.721,294.542,IDAC2,1,B2,254,3,SUMo,939254,-1239.673,953,1
2026-09-10T08:31:22.308,295.129,IDAC2,1,B2,254,3,SUMo,938930,-1246.125,1106,1
2026-09-10T08:31:22.912,295.733,IDAC2,1,B2,254,3,SUMo,938606,-1252.578,915,1
2026-09-10T08:31:23.518,296.339,IDAC2,1,B2,254,4,LPo,1106109,2083.361,114,1
2026-09-10T08:31:24.105,296.926,IDAC2,1,B2,254,4,LPo,1106090,2082.983,95,1
2026-09-10T08:31:24.710,297.531,IDAC2,1,B2,254,4,LPo,1106090,2082.983,95,1
2026-09-10T08:31:30.350,303.172,IDAC2,1,A2,238,0,PGAgain,1000003,-29.814,2727,1
2026-09-10T08:31:30.935,303.756,IDAC2,1,A2,238,0,PGAgain,1000709,-15.753,2346,1
2026-09-10T08:31:31.520,304.341,IDAC2,1,A2,238,0,PGAgain,999889,-32.084,2536,1
2026-09-10T08:31:32.107,304.928,IDAC2,1,A2,238,1,BPo,997409,-81.475,3814,1
2026-09-10T08:31:32.694,305.515,IDAC2,1,A2,238,1,BPo,998191,-65.901,4024,1
2026-09-10T08:31:33.281,306.102,IDAC2,1,A2,238,1,BPo,997047,-88.685,3929,1
2026-09-10T08:31:33.867,306.689,IDAC2,1,A2,238,2,OPA_SUMo,930480,-1414.413,2384,1
2026-09-10T08:31:34.454,307.275,IDAC2,1,A2,238,2,OPA_SUMo,930118,-1421.622,1678,1
2026-09-10T08:31:35.054,307.875,IDAC2,1,A2,238,2,OPA_SUMo,929737,-1429.21,1659,1
2026-09-10T08:31:35.641,308.462,IDAC2,1,A2,238,3,SUMo,930557,-1412.88,1106,1
2026-09-10T08:31:36.228,309.049,IDAC2,1,A2,238,3,SUMo,930404,-1415.927,1316,1
2026-09-10T08:31:36.814,309.635,IDAC2,1,A2,238,3,SUMo,930366,-1416.683,1926,1
2026-09-10T08:31:37.421,310.242,IDAC2,1,A2,238,4,LPo,1106128,2083.74,114,1
2026-09-10T08:31:38.005,310.826,IDAC2,1,A2,238,4,LPo,1106071,2082.605,114,1
2026-09-10T08:31:38.591,311.413,IDAC2,1,A2,238,4,LPo,1106109,2083.361,171,1
2026-09-10T08:31:44.254,317.075,IDAC2,2,A1,238,0,PGAgain,1000194,-26.01,1792,1
2026-09-10T08:31:44.856,317.678,IDAC2,2,A1,238,0,PGAgain,1000537,-19.179,2079,1
2026-09-10T08:31:45.443,318.265,IDAC2,2,A1,238,0,PGAgain,1000041,-29.057,2460,1
2026-09-10T08:31:49.944,322.766,IDAC2,2,A1,238,1,BPo,996437,-100.833,2403,1
2026-09-10T08:31:50.469,323.29,IDAC2,2,A1,238,1,BPo,998878,-52.219,2422,1
2026-09-10T08:31:51.015,323.836,IDAC2,2,A1,238,1,BPo,996551,-98.563,2441,1
2026-09-10T08:31:53.753,326.574,IDAC2,2,A1,238,2,OPA_SUMo,929260,-1438.71,686,1
2026-09-10T08:31:54.340,327.161,IDAC2,2,A1,238,2,OPA_SUMo,929088,-1442.136,896,1
2026-09-10T08:31:54.926,327.748,IDAC2,2,A1,238,2,OPA_SUMo,928688,-1450.102,1163,1
2026-09-10T08:31:55.511,328.333,IDAC2,2,A1,238,3,SUMo,930004,-1423.893,1487,1
2026-09-10T08:31:56.110,328.931,IDAC2,2,A1,238,3,SUMo,929679,-1430.365,858,1
2026-09-10T08:31:56.696,329.517,IDAC2,2,A1,238,3,SUMo,929546,-1433.014,1335,1
2026-09-10T08:31:57.283,330.104,IDAC2,2,A1,238,4,LPo,1106128,2083.74,114,1
2026-09-10T08:31:57.870,330.691,IDAC2,2,A1,238,4,LPo,1106090,2082.983,114,1
2026-09-10T08:31:58.477,331.298,IDAC2,2,A1,238,4,LPo,1106109,2083.361,114,1
2026-09-10T08:32:04.141,336.962,IDAC2,2,B1,254,0,PGAgain,1001091,-8.146,1449,1
2026-09-10T08:32:04.744,337.565,IDAC2,2,B1,254,0,PGAgain,1000537,-19.179,2040,1
2026-09-10T08:32:05.331,338.152,IDAC2,2,B1,254,0,PGAgain,1000022,-29.435,1621,1
2026-09-10T08:32:05.933,338.755,IDAC2,2,B1,254,1,BPo,996284,-103.88,2651,1
2026-09-10T08:32:06.519,339.34,IDAC2,2,B1,254,1,BPo,998382,-62.097,2918,1
2026-09-10T08:32:07.103,339.924,IDAC2,2,B1,254,1,BPo,997676,-76.158,2498,1
2026-09-10T08:32:07.688,340.509,IDAC2,2,B1,254,2,OPA_SUMo,938034,-1263.97,1602,1
2026-09-10T08:32:08.274,341.095,IDAC2,2,B1,254,2,OPA_SUMo,937519,-1274.226,1258,1
2026-09-10T08:32:08.861,341.682,IDAC2,2,B1,254,2,OPA_SUMo,937290,-1278.787,1411,1
2026-09-10T08:32:09.448,342.269,IDAC2,2,B1,254,3,SUMo,938301,-1258.652,1277,1
2026-09-10T08:32:10.035,342.856,IDAC2,2,B1,254,3,SUMo,938091,-1262.835,1888,1
2026-09-10T08:32:10.619,343.44,IDAC2,2,B1,254,3,SUMo,937957,-1265.503,1506,1
2026-09-10T08:32:11.226,344.047,IDAC2,2,B1,254,4,LPo,1106109,2083.361,76,1
2026-09-10T08:32:11.810,344.631,IDAC2,2,B1,254,4,LPo,1106109,2083.361,133,1
2026-09-10T08:32:12.395,345.216,IDAC2,2,B1,254,4,LPo,1106109,2083.361,114,1
2026-09-10T08:32:18.036,350.857,IDAC2,2,B2,254,0,PGAgain,1000766,-14.618,1907,1
2026-09-10T08:32:18.640,351.461,IDAC2,2,B2,254,0,PGAgain,1001071,-8.544,1983,1
2026-09-10T08:32:19.227,352.048,IDAC2,2,B2,254,0,PGAgain,1000347,-22.963,2326,1
2026-09-10T08:32:19.831,352.652,IDAC2,2,B2,254,1,BPo,996627,-97.049,3032,1
2026-09-10T08:32:20.417,353.238,IDAC2,2,B2,254,1,BPo,997238,-84.881,2899,1
2026-09-10T08:32:21.004,353.825,IDAC2,2,B2,254,1,BPo,996742,-94.759,3948,1
2026-09-10T08:32:21.590,354.412,IDAC2,2,B2,254,2,OPA_SUMo,937919,-1266.26,1258,1
2026-09-10T08:32:22.177,354.998,IDAC2,2,B2,254,2,OPA_SUMo,937786,-1268.909,1049,1
2026-09-10T08:32:22.780,355.601,IDAC2,2,B2,254,2,OPA_SUMo,937709,-1270.442,1010,1
2026-09-10T08:32:23.367,356.188,IDAC2,2,B2,254,3,SUMo,938434,-1256.004,1564,1
2026-09-10T08:32:23.953,356.774,IDAC2,2,B2,254,3,SUMo,938243,-1259.807,934,1
2026-09-10T08:32:28.445,361.266,IDAC2,2,B2,254,3,SUMo,936603,-1292.469,1220,1
2026-09-10T08:32:31.164,363.985,IDAC2,2,B2,254,4,LPo,1106109,2083.361,95,1
2026-09-10T08:32:31.767,364.588,IDAC2,2,B2,254,4,LPo,1106090,2082.983,95,1
2026-09-10T08:32:32.374,365.195,IDAC2,2,B2,254,4,LPo,1106090,2082.983,114,1
2026-09-10T08:32:38.030,370.851,IDAC2,2,A2,238,0,PGAgain,1000766,-14.618,2822,1
2026-09-10T08:32:38.634,371.455,IDAC2,2,A2,238,0,PGAgain,999889,-32.084,2422,1
2026-09-10T08:32:39.220,372.042,IDAC2,2,A2,238,0,PGAgain,1001300,-3.983,2727,1
2026-09-10T08:32:39.807,372.629,IDAC2,2,A2,238,1,BPo,996685,-95.894,3623,1
2026-09-10T08:32:40.394,373.215,IDAC2,2,A2,238,1,BPo,997562,-78.428,3585,1
2026-09-10T08:32:40.976,373.797,IDAC2,2,A2,238,1,BPo,996341,-102.745,4024,1
2026-09-10T08:32:41.562,374.383,IDAC2,2,A2,238,2,OPA_SUMo,928535,-1453.149,1716,1
2026-09-10T08:32:42.166,374.987,IDAC2,2,A2,238,2,OPA_SUMo,928058,-1462.649,1335,1
2026-09-10T08:32:42.752,375.574,IDAC2,2,A2,238,2,OPA_SUMo,928039,-1463.027,1354,1
2026-09-10T08:32:43.339,376.16,IDAC2,2,A2,238,3,SUMo,928974,-1444.406,1258,1
2026-09-10T08:32:43.925,376.746,IDAC2,2,A2,238,3,SUMo,928783,-1448.21,1163,1
2026-09-10T08:32:44.511,377.333,IDAC2,2,A2,238,3,SUMo,928382,-1456.196,1316,1
2026-09-10T08:32:45.119,377.94,IDAC2,2,A2,238,4,LPo,1106109,2083.361,76,1
2026-09-10T08:32:45.706,378.527,IDAC2,2,A2,238,4,LPo,1106109,2083.361,152,1
2026-09-10T08:32:46.292,379.113,IDAC2,2,A2,238,4,LPo,1106109,2083.361,95,1
2026-09-10T08:32:51.933,384.754,IDAC2,3,A1,238,0,PGAgain,1000671,-16.51,2384,1
2026-09-10T08:32:52.519,385.341,IDAC2,3,A1,238,0,PGAgain,1000919,-11.571,2632,1
2026-09-10T08:32:53.120,385.941,IDAC2,3,A1,238,0,PGAgain,1000766,-14.618,2250,1
2026-09-10T08:32:53.722,386.543,IDAC2,3,A1,238,1,BPo,996742,-94.759,3356,1
2026-09-10T08:32:54.305,387.126,IDAC2,3,A1,238,1,BPo,998706,-55.644,3166,1
2026-09-10T08:32:54.891,387.712,IDAC2,3,A1,238,1,BPo,996513,-99.32,3623,1
2026-09-10T08:32:55.477,388.298,IDAC2,3,A1,238,2,OPA_SUMo,929012,-1443.649,1602,1
2026-09-10T08:32:56.062,388.883,IDAC2,3,A1,238,2,OPA_SUMo,928707,-1449.724,1926,1
2026-09-10T08:32:56.646,389.467,IDAC2,3,A1,238,2,OPA_SUMo,928421,-1455.419,2193,1
2026-09-10T08:32:57.232,390.053,IDAC2,3,A1,238,3,SUMo,929393,-1436.061,1716,1
2026-09-10T08:32:57.819,390.64,IDAC2,3,A1,238,3,SUMo,929279,-1438.332,1754,1
2026-09-10T08:32:58.406,391.227,IDAC2,3,A1,238,3,SUMo,929107,-1441.757,1277,1
2026-09-10T08:32:58.991,391.813,IDAC2,3,A1,238,4,LPo,1106071,2082.605,114,1
2026-09-10T08:32:59.598,392.419,IDAC2,3,A1,238,4,LPo,1106090,2082.983,152,1
2026-09-10T08:33:00.185,393.006,IDAC2,3,A1,238,4,LPo,1106071,2082.605,152,1
2026-09-10T08:33:05.826,398.647,IDAC2,3,B1,254,0,PGAgain,1000785,-14.24,3128,1
2026-09-10T08:33:06.412,399.233,IDAC2,3,B1,254,0,PGAgain,1001014,-9.679,3051,1
2026-09-10T08:33:06.999,399.82,IDAC2,3,B1,254,0,PGAgain,1001758,5.138,2002,1
2026-09-10T08:33:07.584,400.405,IDAC2,3,B1,254,1,BPo,997447,-80.718,3204,1
2026-09-10T08:33:08.170,400.991,IDAC2,3,B1,254,1,BPo,996913,-91.353,2956,1
2026-09-10T08:33:08.754,401.575,IDAC2,3,B1,254,1,BPo,996475,-100.076,3108,1
2026-09-10T08:33:09.341,402.162,IDAC2,3,B1,254,2,OPA_SUMo,937709,-1270.442,1564,1
2026-09-10T08:33:09.941,402.762,IDAC2,3,B1,254,2,OPA_SUMo,937519,-1274.226,991,1
2026-09-10T08:33:10.525,403.346,IDAC2,3,B1,254,2,OPA_SUMo,937347,-1277.652,1773,1
2026-09-10T08:33:11.110,403.931,IDAC2,3,B1,254,3,SUMo,938014,-1264.368,1220,1
2026-09-10T08:33:11.713,404.534,IDAC2,3,B1,254,3,SUMo,938072,-1263.213,1087,1
2026-09-10T08:33:12.300,405.121,IDAC2,3,B1,254,3,SUMo,937538,-1273.848,1392,1
2026-09-10T08:33:12.887,405.708,IDAC2,3,B1,254,4,LPo,1106109,2083.361,133,1
2026-09-10T08:33:13.492,406.314,IDAC2,3,B1,254,4,LPo,1106090,2082.983,95,1
2026-09-10T08:33:14.079,406.9,IDAC2,3,B1,254,4,LPo,1106071,2082.605,152,1
2026-09-10T08:33:19.719,412.54,IDAC2,3,B2,254,0,PGAgain,1000518,-19.557,2365,1
2026-09-10T08:33:20.304,413.125,IDAC2,3,B2,254,0,PGAgain,1001110,-7.767,2689,1
2026-09-10T08:33:20.905,413.726,IDAC2,3,B2,254,0,PGAgain,1001758,5.138,2346,1
2026-09-10T08:33:21.491,414.313,IDAC2,3,B2,254,1,BPo,997219,-85.259,3433,1
2026-09-10T08:33:25.991,418.812,IDAC2,3,B2,254,1,BPo,996513,-99.32,4310,1
2026-09-10T08:33:26.536,419.357,IDAC2,3,B2,254,1,BPo,997371,-82.232,3643,1
2026-09-10T08:33:29.256,422.077,IDAC2,3,B2,254,2,OPA_SUMo,936717,-1290.199,1659,1
2026-09-10T08:33:29.842,422.663,IDAC2,3,B2,254,2,OPA_SUMo,936889,-1286.773,1564,1
2026-09-10T08:33:30.428,423.249,IDAC2,3,B2,254,2,OPA_SUMo,936660,-1291.334,1525,1
2026-09-10T08:33:31.014,423.835,IDAC2,3,B2,254,3,SUMo,937480,-1275.003,1487,1
2026-09-10T08:33:31.601,424.422,IDAC2,3,B2,254,3,SUMo,937194,-1280.699,1125,1
2026-09-10T08:33:32.185,425.006,IDAC2,3,B2,254,3,SUMo,937118,-1282.213,1316,1
2026-09-10T08:33:32.765,425.586,IDAC2,3,B2,254,4,LPo,1106090,2082.983,114,1
2026-09-10T08:33:33.373,426.194,IDAC2,3,B2,254,4,LPo,1106071,2082.605,76,1
2026-09-10T08:33:33.960,426.781,IDAC2,3,B2,254,4,LPo,1106071,2082.605,114,1
2026-09-10T08:33:39.603,432.425,IDAC2,3,A2,238,0,PGAgain,1000156,-26.767,2403,1
2026-09-10T08:33:40.190,433.012,IDAC2,3,A2,238,0,PGAgain,1001205,-5.875,1983,1
2026-09-10T08:33:40.776,433.597,IDAC2,3,A2,238,0,PGAgain,1001663,3.246,2250,1
2026-09-10T08:33:41.363,434.184,IDAC2,3,A2,238,1,BPo,997371,-82.232,2822,1
2026-09-10T08:33:41.948,434.77,IDAC2,3,A2,238,1,BPo,996627,-97.049,2822,1
2026-09-10T08:33:42.535,435.356,IDAC2,3,A2,238,1,BPo,997524,-79.185,2346,1
2026-09-10T08:33:43.122,435.943,IDAC2,3,A2,238,2,OPA_SUMo,929222,-1439.467,782,1
2026-09-10T08:33:43.726,436.547,IDAC2,3,A2,238,2,OPA_SUMo,928974,-1444.406,1354,1
2026-09-10T08:33:44.325,437.147,IDAC2,3,A2,238,2,OPA_SUMo,928535,-1453.149,858,1
2026-09-10T08:33:44.911,437.732,IDAC2,3,A2,238,3,SUMo,929813,-1427.697,820,1
2026-09-10T08:33:45.498,438.319,IDAC2,3,A2,238,3,SUMo,929622,-1431.501,991,1
2026-09-10T08:33:46.085,438.906,IDAC2,3,A2,238,3,SUMo,928897,-1445.94,991,1
2026-09-10T08:33:46.691,439.512,IDAC2,3,A2,238,4,LPo,1106090,2082.983,95,1
2026-09-10T08:33:47.278,440.099,IDAC2,3,A2,238,4,LPo,1106052,2082.226,95,1
2026-09-10T08:33:47.862,440.683,IDAC2,3,A2,238,4,LPo,1106090,2082.983,95,1
