elapsed_s,phase,stage,code,channel,mean_bank_uv,error_bank_uv,error_real_mv,pp_bank_uv,valid
52.30612029999975,semilla x1 verificación,0,19,0,1000995,-505,-10.0574285,2536,True
52.96060650000072,semilla x1 verificación,1,145,1,984764,-16736,-333.3091552,2670,True
53.61409249999997,semilla x1 verificación,2,254,2,987415,-14085,-280.51263450000005,839,True
54.265944200000376,semilla x1 verificación,3,83,3,986633,-14867,-296.0867119,782,True
54.89907590000075,semilla x1 verificación,3,83,4,1106166,104666,2084.4966562,114,True
58.99350770000092,semilla x2 verificación,0,19,0,1011867,10367,206.4660619,2689,True
59.64633219999996,semilla x2 verificación,1,145,1,980834,-20666,-411.57785620000004,4024,True
60.30066230000011,semilla x2 verificación,2,254,2,978946,-22554,-449.1786978,820,True
64.58113229999981,semilla x2 verificación,3,83,3,932292,-69208,-1378.3257656,3356,True
65.66355300000032,semilla x2 verificación,3,83,4,1115608,114108,2272.5406956,362,True
117.96882519999963,semilla x1 verificación,0,19,0,1000537,-963,-19.178819100000002,1907,True
118.61687820000043,semilla x1 verificación,1,145,1,990028,-11472,-228.47291040000002,2517,True
119.27090830000088,semilla x1 verificación,2,254,2,972023,-29477,-587.0550889,419,True
119.92120160000013,semilla x1 verificación,3,83,3,971717,-29783,-593.1492931,476,True
120.57431410000027,semilla x1 verificación,3,83,4,1106147,104647,2084.1182579,95,True
128.24794120000115,semilla x2 verificación,0,19,0,1056575,55075,1096.8571775,1735,True
129.34785530000045,semilla x2 verificación,1,145,1,956077,-45423,-904.6308411000001,6828,True
130.0018842999998,semilla x2 verificación,2,254,2,931091,-70409,-1402.2445213,1773,True
130.65391369999998,semilla x2 verificación,3,83,3,782718,-218782,-4357.1966774,5054,False
131.2878122000002,semilla x2 verificación,3,83,4,1126651,125151,2492.4697707,305,False
183.61370100000022,semilla x1 verificación,0,19,0,1000919,-581,-11.571021700000001,2136,True
184.2678366,semilla x1 verificación,1,145,1,991668,-9832,-195.8111624,2727,True
184.92178480000075,semilla x1 verificación,2,254,2,965652,-35848,-713.9380136000001,629,True
185.5759880000005,semilla x1 verificación,3,83,3,965480,-36020,-717.3635140000001,629,True
186.21066950000022,semilla x1 verificación,3,83,4,1106128,104628,2083.7398596000003,114,True
190.30782809999982,semilla x2 verificación,0,19,0,1045913,44413,884.5159841,2613,True
190.96339590000025,semilla x2 verificación,1,145,1,965785,-35715,-711.2892255,4520,True
191.61796950000098,semilla x2 verificación,2,254,2,952472,-49028,-976.4269396000001,1468,True
192.27297259999978,semilla x2 verificación,3,83,3,843753,-157747,-3141.6419279,4615,False
192.90774690000035,semilla x2 verificación,3,83,4,1122303,120803,2405.8763071000003,438,True
245.21517160000076,semilla x1 verificación,0,19,0,1000709,-791,-15.753318700000001,1907,True
245.86772980000023,semilla x1 verificación,1,149,1,990772,-10728,-213.65562960000003,3261,True
246.52274120000038,semilla x1 verificación,2,254,2,966472,-35028,-697.6071396,514,True
250.80284630000097,semilla x1 verificación,3,83,3,962638,-38862,-773.9639334000001,438,True
251.88418199999978,semilla x1 verificación,3,83,4,1106166,104666,2084.4966562,76,True
255.9800505000003,semilla x2 verificación,0,19,0,1051082,49582,987.4602374000001,1602,True
256.6344793999997,semilla x2 verificación,1,149,1,962486,-39014,-776.9911198,5111,True
257.28686970000126,semilla x2 verificación,2,254,2,945377,-56123,-1117.7288311,1506,True
257.94183760000124,semilla x2 verificación,3,83,3,821475,-180025,-3585.3238925,4730,False
258.57698300000084,semilla x2 verificación,3,83,4,1123905,122405,2437.7812585,324,False
314.5046978999999,semilla x1 verificación,0,19,0,1001548,48,0.9559536000000001,2422,True
315.5902326000014,semilla x1 verificación,1,149,1,991897,-9603,-191.2504671,3185,True
316.24551750000137,semilla x1 verificación,2,254,2,962390,-39110,-778.903027,610,True
316.90184709999994,semilla x1 verificación,3,83,3,962295,-39205,-780.7950185,686,True
317.55569670000114,semilla x1 verificación,3,83,4,1106166,104666,2084.4966562,114,True
321.65415890000077,semilla x2 verificación,0,19,0,1051578,50078,997.3384246,2555,True
322.30875279999964,semilla x2 verificación,1,149,1,962066,-39434,-785.3557138,8144,True
326.5476088000014,semilla x2 verificación,2,254,2,889225,-112275,-2236.0352175000003,2231,True
327.6333517000003,semilla x2 verificación,3,83,3,757122,-244378,-4866.9589346,171,False
328.28907489999983,semilla x2 verificación,3,83,4,1126728,125228,2494.0032796,114,False
380.6017029000013,semilla x1 verificación,0,19,0,1001586,86,1.7127502000000001,1831,True
381.25687970000035,semilla x1 verificación,1,149,1,993347,-8153,-162.3727021,2937,True
381.9121864000008,semilla x1 verificación,2,254,2,960483,-41017,-816.8822669,610,True
382.56706230000054,semilla x1 verificación,3,83,3,960445,-41055,-817.6390635,457,True
383.22179460000007,semilla x1 verificación,3,83,4,1106147,104647,2084.1182579,95,True
387.321242,semilla x2 verificación,0,19,0,1053924,52424,1044.0606568,1792,True
387.975656300001,semilla x2 verificación,1,149,1,960083,-41417,-824.8485469000001,7305,True
388.63082980000036,semilla x2 verificación,2,254,2,940055,-61445,-1223.7201865000002,1335,True
389.28650610000113,semilla x2 verificación,3,83,3,806808,-194692,-3877.4274644,4749,False
389.92160180000064,semilla x2 verificación,3,83,4,1125087,123587,2461.3216159,343,False
442.23500969999986,semilla x1 verificación,0,19,0,1000843,-657,-13.0846149,2307,True
442.88940120000007,semilla x1 verificación,1,153,1,992183,-9317,-185.5545769,2765,True
443.5445596999998,semilla x1 verificación,2,254,2,963077,-38423,-765.2209411,648,True
444.1952760000004,semilla x1 verificación,3,83,3,963096,-38404,-764.8425428,629,True
448.53621490000114,semilla x1 verificación,3,83,4,1106109,104609,2083.3614613,114,True
453.0817141000007,semilla x2 verificación,0,19,0,1053886,52386,1043.3038602000001,2498,True
453.728038700001,semilla x2 verificación,1,153,1,959224,-42276,-841.9561332000001,6961,True
454.3805250000005,semilla x2 verificación,2,254,2,940456,-61044,-1215.7339908000001,1792,True
455.03399999999965,semilla x2 verificación,3,83,3,807151,-194349,-3870.5963793,5035,False
455.687854400001,semilla x2 verificación,3,83,4,1125011,123511,2459.8080227,476,False
511.9131484999998,semilla x1 verificación,0,19,0,1000804,-696,-13.861327200000002,1907,True
512.568721900001,semilla x1 verificación,1,153,1,992431,-9069,-180.61548330000002,2708,True
513.2247523000005,semilla x1 verificación,2,254,2,963096,-38404,-764.8425428,419,True
513.8728080000001,semilla x1 verificación,3,83,3,962791,-38709,-770.9168313000001,343,True
514.5286902999997,semilla x1 verificación,3,83,4,1106128,104628,2083.7398596000003,114,True
518.6266266000002,semilla x2 verificación,0,19,0,1051139,49639,988.5954323000001,2136,True
519.2826881000001,semilla x2 verificación,1,153,1,962657,-38843,-773.5855351000001,5645,True
523.6211811000012,semilla x2 verificación,2,254,2,945491,-56009,-1115.4584413,1449,True
524.7071806000004,semilla x2 verificación,3,83,3,757122,-244378,-4866.9589346,190,False
525.3629782999997,semilla x2 verificación,3,83,4,1126708,125208,2493.6049656,114,False
577.6693620000005,semilla x1 verificación,0,19,0,1000804,-696,-13.861327200000002,2689,True
578.3233276999999,semilla x1 verificación,1,153,1,992908,-8592,-171.1156944,2994,True
578.9770380999998,semilla x1 verificación,2,254,2,959186,-42314,-842.7129298000001,743,True
579.6326884000009,semilla x1 verificación,3,83,3,958938,-42562,-847.6520234000001,743,True
580.2879985,semilla x1 verificación,3,83,4,1106090,104590,2082.983063,133,True
584.3866471000001,semilla x2 verificación,0,19,0,1057109,55609,1107.4921613000001,2155,True
585.0426712999997,semilla x2 verificación,1,153,1,958385,-43115,-858.6654055,6637,True
585.6921478000004,semilla x2 verificación,2,254,2,936126,-65374,-1301.9689718000002,2002,True
586.3465025000005,semilla x2 verificación,3,83,3,795192,-206308,-4108.7682356000005,5893,False
587.0032797000003,semilla x2 verificación,3,83,4,1125888,124388,2477.2740916,362,False
639.3196745000005,semilla x1 verificación,0,19,0,1001548,48,0.9559536000000001,1926,True
639.9759584000003,semilla x1 verificación,1,157,1,992660,-8840,-176.054788,3299,True
640.6318866000001,semilla x1 verificación,2,254,2,961246,-40254,-801.6865878000001,553,True
641.2865046000006,semilla x1 verificación,3,83,3,961151,-40349,-803.5785793000001,648,True
641.9350009000009,semilla x1 verificación,3,83,4,1106109,104609,2083.3614613,114,True
646.0318904000014,semilla x2 verificación,0,19,0,1053562,52062,1036.8511734,2117,True
646.6862290000008,semilla x2 verificación,1,157,1,959701,-41799,-832.4563443,7553,True
647.3385407000005,semilla x2 verificación,2,254,2,940685,-60815,-1211.1732955,1792,True
647.9887827000002,semilla x2 verificación,3,83,3,808181,-193319,-3850.0832083,5054,False
648.6406017999998,semilla x2 verificación,3,83,4,1124954,123454,2458.6728278,476,False
700.9574080000002,semilla x1 verificación,0,19,0,1000671,-829,-16.510115300000002,2746,True
701.6076318000014,semilla x1 verificación,1,157,1,992794,-8706,-173.3860842,2937,True
702.2649758000007,semilla x1 verificación,2,254,2,962333,-39167,-780.0382219,667,True
702.9100787000007,semilla x1 verificación,3,83,3,962333,-39167,-780.0382219,686,True
703.5664687999997,semilla x1 verificación,3,83,4,1106109,104609,2083.3614613,114,True
707.660974800001,semilla x2 verificación,0,19,0,1000862,-638,-12.706216600000001,2346,True
708.318065200001,semilla x2 verificación,1,157,1,993213,-8287,-165.0414059,3185,True
708.9751698,semilla x2 verificación,2,254,2,957756,-43744,-871.1923808,820,True
709.6250199000006,semilla x2 verificación,3,83,3,957546,-43954,-875.3746778000001,896,True
710.2749605999998,semilla x2 verificación,3,83,4,1106090,104590,2082.983063,114,True
762.5867251,semilla x1 verificación,0,19,0,1000747,-753,-14.9965221,1564,True
763.2432451000004,semilla x1 verificación,1,157,1,990676,-10824,-215.5675368,3070,True
763.8987642000011,semilla x1 verificación,2,254,2,969257,-32243,-642.1419151,572,True
764.5553021000014,semilla x1 verificación,3,83,3,968818,-32682,-650.8849074,553,True
768.9027640000004,semilla x1 verificación,3,83,4,1106109,104609,2083.3614613,114,True
773.4522644999997,semilla x2 verificación,0,19,0,1046619,45119,898.5764683000001,2174,True
774.1075169000014,semilla x2 verificación,1,157,1,964355,-37145,-739.7686765000001,4463,True
774.763458200001,semilla x2 verificación,2,254,2,951194,-50306,-1001.8792042,1850,True
775.4196432999997,semilla x2 verificación,3,83,3,839881,-161619,-3218.7555183,5226,False
776.0767917000012,semilla x2 verificación,3,83,4,1122608,121108,2411.9505956000003,438,True
