t_s,bloque,pgaout,idac0,idac1,idac2,idac3,ch,tap,media_banco_uv,pp_banco_uv,real_mv,valido,clavado
102.21,reposo,4,11,-53,0,0,0,PGAgain,974960,10738,-528.6,True,False
102.86,reposo,4,11,-53,0,0,1,BPo,983467,3719,-359.1,True,False
103.51,reposo,4,11,-53,0,0,2,OPA_SUMo,1018486,858,338.3,True,False
104.16,reposo,4,11,-53,0,0,3,SUMo,1018371,896,336.0,True,False
104.81,reposo,4,11,-53,0,0,4,LPo,731792,152,-5371.4,False,True
110.48,punto_armado,4,11,-53,-247,0,0,PGAgain,974559,11768,-536.5,True,False
111.91,punto_armado,4,11,-53,-247,0,1,BPo,984191,4825,-344.7,True,False
112.56,punto_armado,4,11,-53,-247,0,2,OPA_SUMo,742530,1811,-5157.6,False,False
113.22,punto_armado,4,11,-53,-247,0,3,SUMo,743331,1716,-5141.6,False,False
113.87,punto_armado,4,11,-53,-247,0,4,LPo,731754,152,-5372.2,False,True
114.51,vigilancia,4,11,-53,-247,0,0,PGAgain,973834,10929,-551.0,True,False
115.16,vigilancia,4,11,-53,-247,0,1,BPo,983600,3700,-356.5,True,False
115.82,vigilancia,4,11,-53,-247,0,2,OPA_SUMo,743618,1754,-5135.9,False,False
117.95,vigilancia,4,11,-53,-247,0,3,SUMo,744486,2088,-5118.6,False,False
120.48,vigilancia,4,11,-53,-247,0,4,LPo,731830,200,-5370.7,False,True
131.13,vigilancia,4,11,-53,-247,0,0,PGAgain,974102,10967,-545.7,True,False
131.78,vigilancia,4,11,-53,-247,0,1,BPo,984249,3376,-343.6,True,False
132.43,vigilancia,4,11,-53,-247,0,2,OPA_SUMo,742721,2002,-5153.8,False,False
133.08,vigilancia,4,11,-53,-247,0,3,SUMo,743656,1697,-5135.1,False,False
136.70,vigilancia,4,11,-53,-247,0,4,LPo,731639,114,-5374.5,False,True
147.35,vigilancia,4,11,-53,-247,0,0,PGAgain,973892,10700,-549.8,True,False
148.00,vigilancia,4,11,-53,-247,0,1,BPo,984058,3776,-347.4,True,False
148.66,vigilancia,4,11,-53,-247,0,2,OPA_SUMo,742321,1697,-5161.7,False,False
149.31,vigilancia,4,11,-53,-247,0,3,SUMo,743064,1659,-5146.9,False,False
149.96,vigilancia,4,11,-53,-247,0,4,LPo,731716,171,-5372.9,False,True
160.61,vigilancia,4,11,-53,-247,0,0,PGAgain,974121,10585,-545.3,True,False
161.26,vigilancia,4,11,-53,-247,0,1,BPo,983886,2841,-350.8,True,False
161.91,vigilancia,4,11,-53,-247,0,2,OPA_SUMo,742435,1983,-5159.5,False,False
162.56,vigilancia,4,11,-53,-247,0,3,SUMo,742988,1735,-5148.4,False,False
163.21,vigilancia,4,11,-53,-247,0,4,LPo,731735,152,-5372.6,False,True
173.87,vigilancia,4,11,-53,-247,0,0,PGAgain,973625,11043,-555.2,True,False
174.52,vigilancia,4,11,-53,-247,0,1,BPo,984497,3776,-338.6,True,False
175.17,vigilancia,4,11,-53,-247,0,2,OPA_SUMo,742664,1773,-5154.9,False,False
175.82,vigilancia,4,11,-53,-247,0,3,SUMo,743179,1697,-5144.6,False,False
176.47,vigilancia,4,11,-53,-247,0,4,LPo,731735,152,-5372.6,False,True
187.12,vigilancia,4,11,-53,-247,0,0,PGAgain,974407,10185,-539.6,True,False
187.77,vigilancia,4,11,-53,-247,0,1,BPo,984363,3395,-341.3,True,False
188.42,vigilancia,4,11,-53,-247,0,2,OPA_SUMo,742244,1792,-5163.3,False,False
189.07,vigilancia,4,11,-53,-247,0,3,SUMo,743160,2250,-5145.0,False,False
189.73,vigilancia,4,11,-53,-247,0,4,LPo,731716,133,-5372.9,False,True
200.38,vigilancia,4,11,-53,-247,0,0,PGAgain,973968,10452,-548.3,True,False
201.03,vigilancia,4,11,-53,-247,0,1,BPo,983924,3509,-350.0,True,False
201.68,vigilancia,4,11,-53,-247,0,2,OPA_SUMo,742340,1678,-5161.4,False,False
202.33,vigilancia,4,11,-53,-247,0,3,SUMo,743026,2098,-5147.7,False,False
202.98,vigilancia,4,11,-53,-247,0,4,LPo,731735,114,-5372.6,False,True
213.63,vigilancia,4,11,-53,-247,0,0,PGAgain,974082,11005,-546.0,True,False
214.28,vigilancia,4,11,-53,-247,0,1,BPo,983657,3509,-355.4,True,False
214.94,vigilancia,4,11,-53,-247,0,2,OPA_SUMo,742435,1983,-5159.5,False,False
215.59,vigilancia,4,11,-53,-247,0,3,SUMo,742969,1392,-5148.8,False,False
216.24,vigilancia,4,11,-53,-247,0,4,LPo,731773,190,-5371.8,False,True
226.89,vigilancia,4,11,-53,-247,0,0,PGAgain,974273,10795,-542.2,True,False
227.54,vigilancia,4,11,-53,-247,0,1,BPo,984516,3204,-338.2,True,False
228.19,vigilancia,4,11,-53,-247,0,2,OPA_SUMo,742645,2517,-5155.3,False,False
228.84,vigilancia,4,11,-53,-247,0,3,SUMo,743179,2269,-5144.6,False,False
229.49,vigilancia,4,11,-53,-247,0,4,LPo,733337,4348,-5340.7,False,False
240.15,vigilancia,4,11,-53,-247,0,0,PGAgain,974216,11558,-543.4,True,False
240.80,vigilancia,4,11,-53,-247,0,1,BPo,984325,3776,-342.1,True,False
241.45,vigilancia,4,11,-53,-247,0,2,OPA_SUMo,742378,1907,-5160.6,False,False
242.10,vigilancia,4,11,-53,-247,0,3,SUMo,743217,2136,-5143.9,False,False
242.75,vigilancia,4,11,-53,-247,0,4,LPo,734004,4558,-5327.4,False,False
253.40,vigilancia,4,11,-53,-247,0,0,PGAgain,974254,9803,-542.6,True,False
254.05,vigilancia,4,11,-53,-247,0,1,BPo,983619,3662,-356.1,True,False
257.80,vigilancia,4,11,-53,-247,0,2,OPA_SUMo,746536,2822,-5077.8,False,False
259.04,vigilancia,4,11,-53,-247,0,3,SUMo,746974,2555,-5069.1,False,False
259.69,vigilancia,4,11,-53,-247,0,4,LPo,731754,152,-5372.2,False,True
270.34,vigilancia,4,11,-53,-247,0,0,PGAgain,973873,10375,-550.2,True,False
270.99,vigilancia,4,11,-53,-247,0,1,BPo,983581,4119,-356.9,True,False
271.64,vigilancia,4,11,-53,-247,0,2,OPA_SUMo,744113,1621,-5126.0,False,False
272.29,vigilancia,4,11,-53,-247,0,3,SUMo,745086,2174,-5106.7,False,False
272.93,vigilancia,4,11,-53,-247,0,4,LPo,731697,171,-5373.3,False,True
283.57,vigilancia,4,11,-53,-247,0,0,PGAgain,973777,10166,-552.1,True,False
284.23,vigilancia,4,11,-53,-247,0,1,BPo,984325,2479,-342.1,True,False
284.88,vigilancia,4,11,-53,-247,0,2,OPA_SUMo,743598,1792,-5136.3,False,False
285.52,vigilancia,4,11,-53,-247,0,3,SUMo,744037,1850,-5127.6,False,False
286.18,vigilancia,4,11,-53,-247,0,4,LPo,731697,190,-5373.3,False,True
296.83,vigilancia,4,11,-53,-247,0,0,PGAgain,973834,10261,-551.0,True,False
297.48,vigilancia,4,11,-53,-247,0,1,BPo,984497,3204,-338.6,True,False
298.13,vigilancia,4,11,-53,-247,0,2,OPA_SUMo,742988,1945,-5148.4,False,False
298.78,vigilancia,4,11,-53,-247,0,3,SUMo,743484,2288,-5138.6,False,False
299.43,vigilancia,4,11,-53,-247,0,4,LPo,735549,5722,-5296.6,False,False
310.08,vigilancia,4,11,-53,-247,0,0,PGAgain,974254,11024,-542.6,True,False
310.73,vigilancia,4,11,-53,-247,0,1,BPo,984649,4348,-335.6,True,False
311.38,vigilancia,4,11,-53,-247,0,2,OPA_SUMo,742835,1831,-5151.5,False,False
312.03,vigilancia,4,11,-53,-247,0,3,SUMo,743637,1831,-5135.5,False,False
312.68,vigilancia,4,11,-53,-247,0,4,LPo,736732,5130,-5273.0,False,False
323.34,vigilancia,4,11,-53,-247,0,0,PGAgain,974121,11119,-545.3,True,False
323.99,vigilancia,4,11,-53,-247,0,1,BPo,984230,3910,-343.9,True,False
324.64,vigilancia,4,11,-53,-247,0,2,OPA_SUMo,742664,2250,-5154.9,False,False
325.29,vigilancia,4,11,-53,-247,0,3,SUMo,743408,1697,-5140.1,False,False
325.94,vigilancia,4,11,-53,-247,0,4,LPo,737991,4787,-5248.0,False,False
336.59,vigilancia,4,11,-53,-247,0,0,PGAgain,973834,10604,-551.0,True,False
337.24,vigilancia,4,11,-53,-247,0,1,BPo,984497,4653,-338.6,True,False
337.89,vigilancia,4,11,-53,-247,0,2,OPA_SUMo,742416,2269,-5159.8,False,False
338.54,vigilancia,4,11,-53,-247,0,3,SUMo,743198,2689,-5144.3,False,False
339.17,vigilancia,4,11,-53,-247,0,4,LPo,739402,5798,-5219.9,False,False
349.82,vigilancia,4,11,-53,-247,0,0,PGAgain,974159,11672,-544.5,True,False
350.47,vigilancia,4,11,-53,-247,0,1,BPo,984401,4100,-340.5,True,False
351.13,vigilancia,4,11,-53,-247,0,2,OPA_SUMo,742416,2079,-5159.8,False,False
351.78,vigilancia,4,11,-53,-247,0,3,SUMo,743045,1926,-5147.3,False,False
352.43,vigilancia,4,11,-53,-247,0,4,LPo,740947,5187,-5189.1,False,False
363.08,vigilancia,4,11,-53,-247,0,0,PGAgain,974617,10890,-535.4,True,False
363.73,vigilancia,4,11,-53,-247,0,1,BPo,984382,4501,-340.9,True,False
364.38,vigilancia,4,11,-53,-247,0,2,OPA_SUMo,742549,2651,-5157.2,False,False
365.03,vigilancia,4,11,-53,-247,0,3,SUMo,743484,2136,-5138.6,False,False
365.68,vigilancia,4,11,-53,-247,0,4,LPo,741291,6008,-5182.2,False,False
376.33,vigilancia,4,11,-53,-247,0,0,PGAgain,973930,11177,-549.1,True,False
376.97,vigilancia,4,11,-53,-247,0,1,BPo,983867,4692,-351.2,True,False
377.62,vigilancia,4,11,-53,-247,0,2,OPA_SUMo,742454,2212,-5159.1,False,False
378.27,vigilancia,4,11,-53,-247,0,3,SUMo,743179,2040,-5144.6,False,False
378.93,vigilancia,4,11,-53,-247,0,4,LPo,741462,5588,-5178.8,False,False
389.58,vigilancia,4,11,-53,-247,0,0,PGAgain,973682,11119,-554.0,True,False
393.18,vigilancia,4,11,-53,-247,0,1,BPo,984230,4444,-343.9,True,False
394.61,vigilancia,4,11,-53,-247,0,2,OPA_SUMo,746822,2155,-5072.1,False,False
395.26,vigilancia,4,11,-53,-247,0,3,SUMo,747585,1735,-5056.9,False,False
395.91,vigilancia,4,11,-53,-247,0,4,LPo,731697,133,-5373.3,False,True
406.55,vigilancia,4,11,-53,-247,0,0,PGAgain,973796,11501,-551.7,True,False
408.69,vigilancia,4,11,-53,-247,0,1,BPo,983534,3862,-357.8,True,False
411.22,vigilancia,4,11,-53,-247,0,2,OPA_SUMo,748939,2031,-5029.9,False,False
412.16,vigilancia,4,11,-53,-247,0,3,SUMo,749721,1621,-5014.4,False,False
412.81,vigilancia,4,11,-53,-247,0,4,LPo,731735,133,-5372.6,False,True
423.46,vigilancia,4,11,-53,-247,0,0,PGAgain,973491,11348,-557.8,True,False
425.58,vigilancia,4,11,-53,-247,0,1,BPo,983352,3213,-361.4,True,False
428.12,vigilancia,4,11,-53,-247,0,2,OPA_SUMo,749931,1821,-5010.2,False,False
429.05,vigilancia,4,11,-53,-247,0,3,SUMo,750370,2765,-5001.4,False,False
429.70,vigilancia,4,11,-53,-247,0,4,LPo,731716,114,-5372.9,False,True
440.36,vigilancia,4,11,-53,-247,0,0,PGAgain,974063,10185,-546.4,True,False
441.01,vigilancia,4,11,-53,-247,0,1,BPo,983333,3223,-361.8,True,False
444.74,vigilancia,4,11,-53,-247,0,2,OPA_SUMo,750198,3147,-5004.9,False,False
446.00,vigilancia,4,11,-53,-247,0,3,SUMo,750541,1773,-4998.0,False,False
446.66,vigilancia,4,11,-53,-247,0,4,LPo,731658,209,-5374.1,False,True
457.31,vigilancia,4,11,-53,-247,0,0,PGAgain,974140,10547,-544.9,True,False
457.96,vigilancia,4,11,-53,-247,0,1,BPo,983104,3719,-366.4,True,False
458.60,vigilancia,4,11,-53,-247,0,2,OPA_SUMo,746402,2231,-5080.5,False,False
459.25,vigilancia,4,11,-53,-247,0,3,SUMo,747184,1564,-5064.9,False,False
459.90,vigilancia,4,11,-53,-247,0,4,LPo,731716,171,-5372.9,False,True
470.55,vigilancia,4,11,-53,-247,0,0,PGAgain,973701,10967,-553.6,True,False
471.20,vigilancia,4,11,-53,-247,0,1,BPo,983619,3433,-356.1,True,False
471.86,vigilancia,4,11,-53,-247,0,2,OPA_SUMo,744819,2651,-5112.0,False,False
472.50,vigilancia,4,11,-53,-247,0,3,SUMo,745353,2059,-5101.3,False,False
473.15,vigilancia,4,11,-53,-247,0,4,LPo,737686,5092,-5254.0,False,False
483.80,vigilancia,4,11,-53,-247,0,0,PGAgain,973796,10128,-551.7,True,False
484.44,vigilancia,4,11,-53,-247,0,1,BPo,984592,3623,-336.7,True,False
485.09,vigilancia,4,11,-53,-247,0,2,OPA_SUMo,743598,2040,-5136.3,False,False
485.74,vigilancia,4,11,-53,-247,0,3,SUMo,744495,1926,-5118.4,False,False
486.39,vigilancia,4,11,-53,-247,0,4,LPo,743026,5493,-5147.7,False,False
497.04,vigilancia,4,11,-53,-247,0,0,PGAgain,974388,10910,-540.0,True,False
497.69,vigilancia,4,11,-53,-247,0,1,BPo,984325,4482,-342.1,True,False
498.33,vigilancia,4,11,-53,-247,0,2,OPA_SUMo,743408,2136,-5140.1,False,False
498.98,vigilancia,4,11,-53,-247,0,3,SUMo,744323,2918,-5121.9,False,False
499.63,vigilancia,4,11,-53,-247,0,4,LPo,744686,5474,-5114.6,False,False
510.28,vigilancia,4,11,-53,-247,0,0,PGAgain,973491,11043,-557.8,True,False
510.92,vigilancia,4,11,-53,-247,0,1,BPo,983715,4253,-354.2,True,False
511.56,vigilancia,4,11,-53,-247,0,2,OPA_SUMo,743179,2441,-5144.6,False,False
512.21,vigilancia,4,11,-53,-247,0,3,SUMo,743732,1716,-5133.6,False,False
512.87,vigilancia,4,11,-53,-247,0,4,LPo,746936,5016,-5069.8,False,False
523.52,vigilancia,4,11,-53,-247,0,0,PGAgain,973949,11730,-548.7,True,False
524.17,vigilancia,4,11,-53,-247,0,1,BPo,984210,3852,-344.3,True,False
524.82,vigilancia,4,11,-53,-247,0,2,OPA_SUMo,743160,2136,-5145.0,False,False
525.47,vigilancia,4,11,-53,-247,0,3,SUMo,743694,2231,-5134.4,False,False
526.12,vigilancia,4,11,-53,-247,0,4,LPo,748043,5245,-5047.8,False,False
536.77,vigilancia,4,11,-53,-247,0,0,PGAgain,974636,9937,-535.0,True,False
537.41,vigilancia,4,11,-53,-247,0,1,BPo,984592,4024,-336.7,True,False
538.06,vigilancia,4,11,-53,-247,0,2,OPA_SUMo,742816,2098,-5151.9,False,False
538.71,vigilancia,4,11,-53,-247,0,3,SUMo,743865,2040,-5131.0,False,False
539.36,vigilancia,4,11,-53,-247,0,4,LPo,749320,6008,-5022.3,False,False
550.01,vigilancia,4,11,-53,-247,0,0,PGAgain,974292,11043,-541.9,True,False
550.66,vigilancia,4,11,-53,-247,0,1,BPo,984153,3890,-345.5,True,False
551.31,vigilancia,4,11,-53,-247,0,2,OPA_SUMo,743045,1831,-5147.3,False,False
551.95,vigilancia,4,11,-53,-247,0,3,SUMo,743885,1449,-5130.6,False,False
552.60,vigilancia,4,11,-53,-247,0,4,LPo,749073,5855,-5027.3,False,False
563.25,vigilancia,4,11,-53,-247,0,0,PGAgain,973281,10890,-562.0,True,False
563.90,vigilancia,4,11,-53,-247,0,1,BPo,983943,3814,-349.7,True,False
564.55,vigilancia,4,11,-53,-247,0,2,OPA_SUMo,743255,2098,-5143.1,False,False
565.19,vigilancia,4,11,-53,-247,0,3,SUMo,743751,1583,-5133.3,False,False
565.82,vigilancia,4,11,-53,-247,0,4,LPo,749645,5569,-5015.9,False,False
