t_s,pasada,idac0,idac1,idac2,fase,posicion,asentamiento_incompleto,ch,tap,media_banco_uv,pp_banco_uv,ok,valido,clavado,real_mv_vs_vref
89.78,0,22,0,0,abba_idac0,A1,False,0,PGAgain,1002081.0,260.0,True,True,True,11.571021700000344
90.14,0,22,0,0,abba_idac0,A1,False,2,OPA_SUMo,1004640.0,261.0,True,True,True,62.535297999999734
92.0,0,26,0,0,abba_idac0,B1,False,0,PGAgain,1002459.0,269.0,True,True,True,19.09915629999893
92.36,0,26,0,0,abba_idac0,B1,False,2,OPA_SUMo,1002675.0,256.0,True,True,True,23.400947499999095
94.22,0,26,0,0,abba_idac0,B2,False,0,PGAgain,1002368.0,264.0,True,True,True,17.286827600001033
94.58,0,26,0,0,abba_idac0,B2,False,2,OPA_SUMo,1002641.0,281.0,True,True,True,22.72381369999926
96.44,0,22,0,0,abba_idac0,A2,False,0,PGAgain,1002193.0,268.0,True,True,True,13.801580099999674
96.8,0,22,0,0,abba_idac0,A2,False,2,OPA_SUMo,1004581.0,260.0,True,True,True,61.36027170000035
98.66,0,20,0,0,abba_idac0,A1,False,0,PGAgain,1002025.0,289.0,True,True,True,10.455742499999548
99.02,0,20,0,0,abba_idac0,A1,False,2,OPA_SUMo,1005480.0,281.0,True,True,True,79.26448600000036
100.88,0,28,0,0,abba_idac0,B1,False,0,PGAgain,1002479.0,275.0,True,True,True,19.497470300000835
101.24,0,28,0,0,abba_idac0,B1,False,2,OPA_SUMo,1001670.0,252.0,True,True,True,3.385668999999185
103.1,0,28,0,0,abba_idac0,B2,False,0,PGAgain,1002529.0,244.0,True,True,True,20.49325529999993
103.46,0,28,0,0,abba_idac0,B2,False,2,OPA_SUMo,1001718.0,275.0,True,True,True,4.341622599999221
105.32,0,20,0,0,abba_idac0,A2,False,0,PGAgain,1001965.0,280.0,True,True,True,9.260800500000634
105.68,0,20,0,0,abba_idac0,A2,False,2,OPA_SUMo,1005500.0,276.0,True,True,True,79.6628
170.36,1,24,-255,0,referencia,,False,0,PGAgain,1002296.0,280.0,True,True,True,15.85289720000098
170.72,1,24,-255,0,referencia,,False,1,BPo,980477.0,302.0,True,True,False,-418.6877611000005
171.08,1,24,-255,0,referencia,,False,2,OPA_SUMo,1095318.0,260.0,True,True,True,1868.4511425999997
171.44,1,24,-255,0,referencia,,False,3,SUMo,1097328.0,280.0,True,True,True,1908.4816995999995
171.8,1,24,-255,0,referencia,,False,4,LPo,875000.0,242.0,True,False,True,-2519.3360500000003
173.66,1,24,-255,-255,malla,,False,0,PGAgain,1002337.0,275.0,True,True,True,16.669440899999785
174.02,1,24,-255,-255,malla,,False,1,BPo,980501.0,262.0,True,True,True,-418.2097843000005
174.38,1,24,-255,-255,malla,,False,2,OPA_SUMo,906328.0,266.0,True,True,True,-1895.4170004000007
174.74,1,24,-255,-255,malla,,False,3,SUMo,908405.0,248.0,True,True,True,-1854.0520915000006
175.1,1,24,-255,-255,malla,,False,4,LPo,875000.0,250.0,True,False,True,-2519.3360500000003
176.96,1,24,-255,-128,malla,,False,0,PGAgain,1002307.0,286.0,True,True,True,16.071969900000326
177.32,1,24,-255,-128,malla,,False,1,BPo,980483.0,256.0,True,True,True,-418.56826690000105
177.68,1,24,-255,-128,malla,,False,2,OPA_SUMo,1000460.0,267.0,True,True,True,-20.712327999999278
178.04,1,24,-255,-128,malla,,False,3,SUMo,1002422.0,310.0,True,True,False,18.36227540000051
178.4,1,24,-255,-128,malla,,False,4,LPo,875000.0,271.0,True,False,True,-2519.3360500000003
180.26,1,24,-255,-64,malla,,False,0,PGAgain,1002302.0,250.0,True,True,True,15.972391400000417
180.62,1,24,-255,-64,malla,,False,1,BPo,980540.0,250.0,True,True,True,-417.4330720000007
180.98,1,24,-255,-64,malla,,False,2,OPA_SUMo,1047867.0,264.0,True,True,True,923.4312618999993
181.34,1,24,-255,-64,malla,,False,3,SUMo,1049889.0,288.0,True,True,True,963.700807299998
181.7,1,24,-255,-64,malla,,False,4,LPo,875000.0,260.0,True,False,True,-2519.3360500000003
183.56,1,24,-255,0,malla,,False,0,PGAgain,1002291.0,271.0,True,True,True,15.753318700001069
183.92,1,24,-255,0,malla,,False,1,BPo,980442.0,279.0,True,True,True,-419.38481059999987
184.28,1,24,-255,0,malla,,False,2,OPA_SUMo,1095243.0,272.0,True,True,True,1866.957465099999
184.64,1,24,-255,0,malla,,False,3,SUMo,1097326.0,249.0,True,True,True,1908.4418682000005
185.0,1,24,-255,0,malla,,False,4,LPo,875069.0,263.0,True,False,True,-2517.961866700001
186.86,1,24,-255,64,malla,,False,0,PGAgain,1002313.0,271.0,True,True,True,16.191464099999767
187.22,1,24,-255,64,malla,,False,1,BPo,980543.0,264.0,True,True,True,-417.3733248999999
187.58,1,24,-255,64,malla,,False,2,OPA_SUMo,1128000.0,277.0,True,False,True,2519.3360500000003
187.94,1,24,-255,64,malla,,False,3,SUMo,1128000.0,280.0,True,False,True,2519.3360500000003
188.3,1,24,-255,64,malla,,False,4,LPo,875001.0,265.0,True,False,True,-2519.3161343000006
190.16,1,24,-255,128,malla,,False,0,PGAgain,1002273.0,267.0,True,True,True,15.39483610000049
190.52,1,24,-255,128,malla,,False,1,BPo,980532.0,260.0,True,True,True,-417.59239759999923
190.88,1,24,-255,128,malla,,False,2,OPA_SUMo,1128000.0,257.0,True,False,True,2519.3360500000003
191.24,1,24,-255,128,malla,,False,3,SUMo,1128000.0,242.0,True,False,True,2519.3360500000003
191.6,1,24,-255,128,malla,,False,4,LPo,875000.0,244.0,True,False,True,-2519.3360500000003
193.46,1,24,-255,255,malla,,False,0,PGAgain,1002255.0,293.0,True,True,True,15.03635349999991
193.82,1,24,-255,255,malla,,False,1,BPo,980549.0,252.0,True,True,True,-417.25383070000044
194.18,1,24,-255,255,malla,,False,2,OPA_SUMo,1128000.0,255.0,True,False,True,2519.3360500000003
194.54,1,24,-255,255,malla,,False,3,SUMo,1128000.0,243.0,True,False,True,2519.3360500000003
194.9,1,24,-255,255,malla,,False,4,LPo,875000.0,245.0,True,False,True,-2519.3360500000003
259.58,1,24,-192,0,referencia,,False,0,PGAgain,1002259.0,252.0,True,True,True,15.116016300000291
259.94,1,24,-192,0,referencia,,False,1,BPo,986253.0,249.0,True,True,True,-303.6546778999992
260.3,1,24,-192,0,referencia,,False,2,OPA_SUMo,1072437.0,274.0,True,True,True,1412.760010899998
260.66,1,24,-192,0,referencia,,False,3,SUMo,1074541.0,272.0,True,True,True,1454.6626436999989
261.02,1,24,-192,0,referencia,,False,4,LPo,875005.0,263.0,True,False,True,-2519.2364715000003
262.88,1,24,-192,-255,malla,,False,0,PGAgain,1002257.0,246.0,True,True,True,15.07618489999897
263.24,1,24,-192,-255,malla,,False,1,BPo,986206.0,269.0,True,True,True,-304.59071579999966
263.6,1,24,-192,-255,malla,,False,2,OPA_SUMo,883421.0,266.0,True,True,True,-2351.625940299999
263.96,1,24,-192,-255,malla,,False,3,SUMo,885406.0,271.0,True,True,True,-2312.0932758000013
264.32,1,24,-192,-255,malla,,False,4,LPo,875023.0,259.0,True,False,True,-2518.8779888999998
266.18,1,24,-192,-128,malla,,False,0,PGAgain,1002339.0,263.0,True,True,True,16.709272300001107
266.54,1,24,-192,-128,malla,,False,1,BPo,986221.0,260.0,True,True,True,-304.2919802999999
266.9,1,24,-192,-128,malla,,False,2,OPA_SUMo,977637.0,253.0,True,True,True,-475.2483491000011
267.26,1,24,-192,-128,malla,,False,3,SUMo,979558.0,242.0,True,True,True,-436.99028940000017
267.62,1,24,-192,-128,malla,,False,4,LPo,875000.0,273.0,True,False,True,-2519.3360500000003
269.48,1,24,-192,-64,malla,,False,0,PGAgain,1002284.0,262.0,True,True,True,15.613908799999837
269.84,1,24,-192,-64,malla,,False,1,BPo,986260.0,256.0,True,True,True,-303.5152680000002
270.2,1,24,-192,-64,malla,,False,2,OPA_SUMo,1025059.0,249.0,True,True,True,469.1939762999994
270.56,1,24,-192,-64,malla,,False,3,SUMo,1027034.0,258.0,True,True,True,508.52748380000213
270.92,1,24,-192,-64,malla,,False,4,LPo,875000.0,258.0,True,False,True,-2519.3360500000003
272.78,1,24,-192,0,malla,,False,0,PGAgain,1002302.0,262.0,True,True,True,15.972391400000417
273.14,1,24,-192,0,malla,,False,1,BPo,986202.0,262.0,True,True,True,-304.67037860000005
273.5,1,24,-192,0,malla,,False,2,OPA_SUMo,1072491.0,253.0,True,True,True,1413.8354587
273.86,1,24,-192,0,malla,,False,3,SUMo,1074425.0,253.0,True,True,True,1452.3524224999992
274.22,1,24,-192,0,malla,,False,4,LPo,875014.0,261.0,True,False,True,-2519.0572302
276.08,1,24,-192,64,malla,,False,0,PGAgain,1002327.0,259.0,True,True,True,16.470283899999966
276.44,1,24,-192,64,malla,,False,1,BPo,986230.0,265.0,True,True,True,-304.11273899999964
276.8,1,24,-192,64,malla,,False,2,OPA_SUMo,1119903.0,282.0,True,True,True,2358.0786271000006
277.16,1,24,-192,64,malla,,False,3,SUMo,1121861.0,271.0,True,True,True,2397.073567700002
277.52,1,24,-192,64,malla,,False,4,LPo,875054.0,269.0,True,False,True,-2518.2606022000004
279.38,1,24,-192,128,malla,,False,0,PGAgain,1002359.0,252.0,True,True,True,17.107586300000744
279.74,1,24,-192,128,malla,,False,1,BPo,986179.0,260.0,True,True,True,-305.12843970000057
280.1,1,24,-192,128,malla,,False,2,OPA_SUMo,1128000.0,263.0,True,False,True,2519.3360500000003
280.46,1,24,-192,128,malla,,False,3,SUMo,1128000.0,247.0,True,False,True,2519.3360500000003
280.82,1,24,-192,128,malla,,False,4,LPo,875027.0,257.0,True,False,True,-2518.7983260999995
282.68,1,24,-192,255,malla,,False,0,PGAgain,1002309.0,252.0,True,True,True,16.111801299999385
283.04,1,24,-192,255,malla,,False,1,BPo,986203.0,266.0,True,True,True,-304.65046290000055
283.4,1,24,-192,255,malla,,False,2,OPA_SUMo,1128000.0,277.0,True,False,True,2519.3360500000003
283.76,1,24,-192,255,malla,,False,3,SUMo,1128000.0,260.0,True,False,True,2519.3360500000003
284.12,1,24,-192,255,malla,,False,4,LPo,875037.0,257.0,True,False,True,-2518.5991690999995
348.8,1,24,-128,0,referencia,,False,0,PGAgain,1002320.0,278.0,True,True,True,16.330874000000996
349.16,1,24,-128,0,referencia,,False,1,BPo,991972.0,277.0,True,True,True,-189.75678960000042
349.52,1,24,-128,0,referencia,,False,2,OPA_SUMo,1049248.0,242.0,True,True,True,950.934843600001
349.88,1,24,-128,0,referencia,,False,3,SUMo,1051335.0,272.0,True,True,True,992.4989095000008
350.24,1,24,-128,0,referencia,,False,4,LPo,875000.0,281.0,True,False,True,-2519.3360500000003
352.1,1,24,-128,-255,malla,,False,0,PGAgain,1002324.0,277.0,True,True,True,16.410536799999115
352.46,1,24,-128,-255,malla,,False,1,BPo,991956.0,265.0,True,True,True,-190.07544079999965
352.82,1,24,-128,-255,malla,,False,2,OPA_SUMo,875000.0,254.0,True,False,True,-2519.3360500000003
353.18,1,24,-128,-255,malla,,False,3,SUMo,875000.0,256.0,True,False,True,-2519.3360500000003
353.54,1,24,-128,-255,malla,,False,4,LPo,875000.0,274.0,True,False,True,-2519.3360500000003
355.4,1,24,-128,-128,malla,,False,0,PGAgain,1002307.0,274.0,True,True,True,16.071969900000326
355.76,1,24,-128,-128,malla,,False,1,BPo,991961.0,264.0,True,True,True,-189.97586229999976
356.12,1,24,-128,-128,malla,,False,2,OPA_SUMo,954510.0,245.0,True,True,True,-935.8387430000002
356.48,1,24,-128,-128,malla,,False,3,SUMo,956441.0,271.0,True,True,True,-897.3815262999995
356.84,1,24,-128,-128,malla,,False,4,LPo,875031.0,272.0,True,False,True,-2518.718663300001
358.7,1,24,-128,-64,malla,,False,0,PGAgain,1002316.0,263.0,True,True,True,16.25121120000062
359.06,1,24,-128,-64,malla,,False,1,BPo,991988.0,284.0,True,True,True,-189.43813839999888
359.42,1,24,-128,-64,malla,,False,2,OPA_SUMo,1001872.0,251.0,True,True,True,7.4086403999991495
359.78,1,24,-128,-64,malla,,False,3,SUMo,1003886.0,312.0,True,True,False,47.51886019999935
360.14,1,24,-128,-64,malla,,False,4,LPo,875000.0,262.0,True,False,True,-2519.3360500000003
362.0,1,24,-128,0,malla,,False,0,PGAgain,1002285.0,284.0,True,True,True,15.633824499999367
362.36,1,24,-128,0,malla,,False,1,BPo,991950.0,280.0,True,True,True,-190.1949349999991
362.72,1,24,-128,0,malla,,False,2,OPA_SUMo,1049319.0,250.0,True,True,True,952.3488582999993
363.08,1,24,-128,0,malla,,False,3,SUMo,1051328.0,253.0,True,True,True,992.3594995999996
363.44,1,24,-128,0,malla,,False,4,LPo,875041.0,283.0,True,False,True,-2518.519506299999
365.3,1,24,-128,64,malla,,False,0,PGAgain,1002240.0,259.0,True,True,True,14.737618000000182
365.66,1,24,-128,64,malla,,False,1,BPo,992004.0,253.0,True,True,True,-189.11948719999964
366.02,1,24,-128,64,malla,,False,2,OPA_SUMo,1096727.0,262.0,True,True,True,1896.512363900002
366.38,1,24,-128,64,malla,,False,3,SUMo,1098780.0,286.0,True,True,True,1937.3992959999996
366.74,1,24,-128,64,malla,,False,4,LPo,875000.0,263.0,True,False,True,-2519.3360500000003
368.6,1,24,-128,128,malla,,False,0,PGAgain,1002290.0,287.0,True,True,True,15.733402999999276
368.96,1,24,-128,128,malla,,False,1,BPo,991922.0,275.0,True,True,True,-190.7525745999995
369.32,1,24,-128,128,malla,,False,2,OPA_SUMo,1128000.0,282.0,True,False,True,2519.3360500000003
369.68,1,24,-128,128,malla,,False,3,SUMo,1128000.0,272.0,True,False,True,2519.3360500000003
370.04,1,24,-128,128,malla,,False,4,LPo,875000.0,309.0,True,False,False,-2519.3360500000003
371.9,1,24,-128,255,malla,,False,0,PGAgain,1002294.0,259.0,True,True,True,15.813065799999658
372.26,1,24,-128,255,malla,,False,1,BPo,991944.0,272.0,True,True,True,-190.3144292000008
372.62,1,24,-128,255,malla,,False,2,OPA_SUMo,1128000.0,288.0,True,False,True,2519.3360500000003
372.98,1,24,-128,255,malla,,False,3,SUMo,1128000.0,255.0,True,False,True,2519.3360500000003
373.34,1,24,-128,255,malla,,False,4,LPo,875000.0,246.0,True,False,True,-2519.3360500000003
438.02,1,24,-64,0,referencia,,False,0,PGAgain,1002318.0,255.0,True,True,True,16.291042599999674
438.38,1,24,-64,0,referencia,,False,1,BPo,997700.0,276.0,True,True,True,-75.6796599999991
438.74,1,24,-64,0,referencia,,False,2,OPA_SUMo,1026285.0,269.0,True,True,True,493.6106245000017
439.1,1,24,-64,0,referencia,,False,3,SUMo,1028215.0,253.0,True,True,True,532.0479254999984
439.46,1,24,-64,0,referencia,,False,4,LPo,875034.0,257.0,True,False,True,-2518.6589162000005
441.32,1,24,-64,-255,malla,,False,0,PGAgain,1002306.0,281.0,True,True,True,16.052054200000796
441.68,1,24,-64,-255,malla,,False,1,BPo,997744.0,289.0,True,True,True,-74.80336919999944
442.04,1,24,-64,-255,malla,,False,2,OPA_SUMo,875000.0,257.0,True,False,True,-2519.3360500000003
442.4,1,24,-64,-255,malla,,False,3,SUMo,875000.0,288.0,True,False,True,-2519.3360500000003
442.76,1,24,-64,-255,malla,,False,4,LPo,875029.0,246.0,True,False,True,-2518.7584947
444.62,1,24,-64,-128,malla,,False,0,PGAgain,1002324.0,244.0,True,True,True,16.410536799999115
444.98,1,24,-64,-128,malla,,False,1,BPo,997651.0,270.0,True,True,True,-76.65552930000092
445.34,1,24,-64,-128,malla,,False,2,OPA_SUMo,931426.0,262.0,True,True,True,-1395.5727617999992
445.7,1,24,-64,-128,malla,,False,3,SUMo,933411.0,249.0,True,True,True,-1356.0400973000012
446.06,1,24,-64,-128,malla,,False,4,LPo,875000.0,266.0,True,False,True,-2519.3360500000003
447.92,1,24,-64,-64,malla,,False,0,PGAgain,1002334.0,258.0,True,True,True,16.609693799998933
448.28,1,24,-64,-64,malla,,False,1,BPo,997684.0,277.0,True,True,True,-75.99831120000061
448.64,1,24,-64,-64,malla,,False,2,OPA_SUMo,978799.0,251.0,True,True,True,-452.10630570000046
449.0,1,24,-64,-64,malla,,False,3,SUMo,980915.0,261.0,True,True,True,-409.96468450000077
449.36,1,24,-64,-64,malla,,False,4,LPo,875015.0,284.0,True,False,True,-2519.0373145000003
451.22,1,24,-64,0,malla,,False,0,PGAgain,1002362.0,262.0,True,True,True,17.167333399999332
451.58,1,24,-64,0,malla,,False,1,BPo,997790.0,272.0,True,True,True,-73.88724700000073
451.94,1,24,-64,0,malla,,False,2,OPA_SUMo,1026304.0,254.0,True,True,True,493.98902280000175
452.3,1,24,-64,0,malla,,False,3,SUMo,1028292.0,261.0,True,True,True,533.5814343999983
452.66,1,24,-64,0,malla,,False,4,LPo,875000.0,253.0,True,False,True,-2519.3360500000003
454.52,1,24,-64,64,malla,,False,0,PGAgain,1002323.0,300.0,True,True,False,16.390621099999585
454.88,1,24,-64,64,malla,,False,1,BPo,997743.0,256.0,True,True,True,-74.82328489999897
455.24,1,24,-64,64,malla,,False,2,OPA_SUMo,1073697.0,256.0,True,True,True,1437.8537928999979
455.6,1,24,-64,64,malla,,False,3,SUMo,1075740.0,245.0,True,True,True,1478.5415680000003
455.96,1,24,-64,64,malla,,False,4,LPo,875035.0,277.0,True,False,True,-2518.6390005000007
457.82,1,24,-64,128,malla,,False,0,PGAgain,1002302.0,280.0,True,True,True,15.972391400000417
458.18,1,24,-64,128,malla,,False,1,BPo,997735.0,260.0,True,True,True,-74.98261049999974
458.54,1,24,-64,128,malla,,False,2,OPA_SUMo,1121137.0,288.0,True,True,True,2382.654600899999
458.9,1,24,-64,128,malla,,False,3,SUMo,1123218.0,267.0,True,False,True,2424.0991726000016
459.26,1,24,-64,128,malla,,False,4,LPo,875000.0,241.0,True,False,True,-2519.3360500000003
461.12,1,24,-64,255,malla,,False,0,PGAgain,1002355.0,288.0,True,True,True,17.027923500000362
461.48,1,24,-64,255,malla,,False,1,BPo,997670.0,264.0,True,True,True,-76.27713100000082
461.84,1,24,-64,255,malla,,False,2,OPA_SUMo,1128000.0,279.0,True,False,True,2519.3360500000003
462.2,1,24,-64,255,malla,,False,3,SUMo,1128000.0,255.0,True,False,True,2519.3360500000003
462.56,1,24,-64,255,malla,,False,4,LPo,875000.0,279.0,True,False,True,-2519.3360500000003
527.24,1,24,0,0,referencia,,False,0,PGAgain,1002284.0,256.0,True,True,True,15.613908799999837
527.6,1,24,0,0,referencia,,False,1,BPo,1003509.0,275.0,True,True,True,40.010641300000295
527.96,1,24,0,0,referencia,,False,2,OPA_SUMo,1003327.0,252.0,True,True,True,36.385983899999964
528.32,1,24,0,0,referencia,,False,3,SUMo,1005337.0,245.0,True,True,True,76.41654089999979
528.68,1,24,0,0,referencia,,False,4,LPo,875036.0,274.0,True,False,True,-2518.619084800001
530.54,1,24,0,-255,malla,,False,0,PGAgain,1002198.0,252.0,True,True,True,13.901158599999585
530.9,1,24,0,-255,malla,,False,1,BPo,1003519.0,261.0,True,True,True,40.20979830000011
531.26,1,24,0,-255,malla,,False,2,OPA_SUMo,875000.0,261.0,True,False,True,-2519.3360500000003
531.62,1,24,0,-255,malla,,False,3,SUMo,875000.0,248.0,True,False,True,-2519.3360500000003
531.98,1,24,0,-255,malla,,False,4,LPo,875036.0,290.0,True,False,True,-2518.619084800001
533.84,1,24,0,-128,malla,,False,0,PGAgain,1002328.0,311.0,True,True,False,16.490199599999492
534.2,1,24,0,-128,malla,,False,1,BPo,1003455.0,283.0,True,True,True,38.935193500000814
534.56,1,24,0,-128,malla,,False,2,OPA_SUMo,908480.0,260.0,True,True,True,-1852.5584139999996
534.92,1,24,0,-128,malla,,False,3,SUMo,910500.0,278.0,True,True,True,-1812.3287
535.28,1,24,0,-128,malla,,False,4,LPo,875010.0,274.0,True,False,True,-2519.1368930000003
537.14,1,24,0,-64,malla,,False,0,PGAgain,1002293.0,282.0,True,True,True,15.793150100000128
537.5,1,24,0,-64,malla,,False,1,BPo,1003445.0,301.0,True,True,False,38.736036500001
537.86,1,24,0,-64,malla,,False,2,OPA_SUMo,955914.0,262.0,True,True,True,-907.8771002000003
538.22,1,24,0,-64,malla,,False,3,SUMo,957954.0,274.0,True,True,True,-867.249072200001
538.58,1,24,0,-64,malla,,False,4,LPo,875013.0,251.0,True,False,True,-2519.0771458999993
540.44,1,24,0,0,malla,,False,0,PGAgain,1002287.0,277.0,True,True,True,15.67365590000069
540.8,1,24,0,0,malla,,False,1,BPo,1003508.0,280.0,True,True,True,39.990725600000765
541.16,1,24,0,0,malla,,False,2,OPA_SUMo,1003364.0,285.0,True,True,True,37.122864800000656
541.52,1,24,0,0,malla,,False,3,SUMo,1005358.0,255.0,True,True,True,76.83477059999895
541.88,1,24,0,0,malla,,False,4,LPo,875000.0,253.0,True,False,True,-2519.3360500000003
543.74,1,24,0,64,malla,,False,0,PGAgain,1002337.0,246.0,True,True,True,16.669440899999785
544.1,1,24,0,64,malla,,False,1,BPo,1003475.0,260.0,True,True,True,39.33350750000046
544.46,1,24,0,64,malla,,False,2,OPA_SUMo,1050722.0,247.0,True,True,True,980.2905853999996
544.82,1,24,0,64,malla,,False,3,SUMo,1052790.0,262.0,True,True,True,1021.4762529999994
545.18,1,24,0,64,malla,,False,4,LPo,875002.0,271.0,True,False,True,-2519.296218600001
547.04,1,24,0,128,malla,,False,0,PGAgain,1002269.0,263.0,True,True,True,15.31517330000011
547.4,1,24,0,128,malla,,False,1,BPo,1003539.0,282.0,True,True,True,40.608112299999746
547.76,1,24,0,128,malla,,False,2,OPA_SUMo,1098188.0,268.0,True,True,True,1925.609201600002
548.12,1,24,0,128,malla,,False,3,SUMo,1100290.0,277.0,True,True,True,1967.4720029999994
548.48,1,24,0,128,malla,,False,4,LPo,875000.0,246.0,True,False,True,-2519.3360500000003
550.34,1,24,0,255,malla,,False,0,PGAgain,1002302.0,258.0,True,True,True,15.972391400000417
550.7,1,24,0,255,malla,,False,1,BPo,1003443.0,251.0,True,True,True,38.69620509999967
551.06,1,24,0,255,malla,,False,2,OPA_SUMo,1128000.0,290.0,True,False,True,2519.3360500000003
551.42,1,24,0,255,malla,,False,3,SUMo,1128000.0,260.0,True,False,True,2519.3360500000003
551.78,1,24,0,255,malla,,False,4,LPo,875037.0,254.0,True,False,True,-2518.5991690999995
616.46,1,24,64,0,referencia,,False,0,PGAgain,1002300.0,253.0,True,True,True,15.932559999999095
616.82,1,24,64,0,referencia,,False,1,BPo,1009227.0,265.0,True,True,True,153.8886138999995
617.18,1,24,64,0,referencia,,False,2,OPA_SUMo,980439.0,257.0,True,True,True,-419.4445577000007
617.54,1,24,64,0,referencia,,False,3,SUMo,982443.0,251.0,True,True,True,-379.53349490000033
617.9,1,24,64,0,referencia,,False,4,LPo,875000.0,290.0,True,False,True,-2519.3360500000003
619.76,1,24,64,-255,malla,,False,0,PGAgain,1002261.0,267.0,True,True,True,15.155847699999349
620.12,1,24,64,-255,malla,,False,1,BPo,1009295.0,263.0,True,True,True,155.24288149999919
620.48,1,24,64,-255,malla,,False,2,OPA_SUMo,875000.0,261.0,True,False,True,-2519.3360500000003
620.84,1,24,64,-255,malla,,False,3,SUMo,875000.0,257.0,True,False,True,-2519.3360500000003
621.2,1,24,64,-255,malla,,False,4,LPo,875011.0,262.0,True,False,True,-2519.1169773000006
623.06,1,24,64,-128,malla,,False,0,PGAgain,1002207.0,258.0,True,True,True,14.080399899999874
623.42,1,24,64,-128,malla,,False,1,BPo,1009304.0,245.0,True,True,True,155.42212279999947
623.78,1,24,64,-128,malla,,False,2,OPA_SUMo,885594.0,246.0,True,True,True,-2308.349124199999
624.14,1,24,64,-128,malla,,False,3,SUMo,887609.0,291.0,True,True,True,-2268.2189886999995
624.5,1,24,64,-128,malla,,False,4,LPo,875000.0,261.0,True,False,True,-2519.3360500000003
626.36,1,24,64,-64,malla,,False,0,PGAgain,1002257.0,255.0,True,True,True,15.07618489999897
626.72,1,24,64,-64,malla,,False,1,BPo,1009258.0,255.0,True,True,True,154.50600060000076
627.08,1,24,64,-64,malla,,False,2,OPA_SUMo,933108.0,257.0,True,True,True,-1362.074554400001
627.44,1,24,64,-64,malla,,False,3,SUMo,935038.0,268.0,True,True,True,-1323.6372534
627.8,1,24,64,-64,malla,,False,4,LPo,875036.0,261.0,True,False,True,-2518.619084800001
629.66,1,24,64,0,malla,,False,0,PGAgain,1002301.0,269.0,True,True,True,15.952475700000889
630.02,1,24,64,0,malla,,False,1,BPo,1009221.0,276.0,True,True,True,153.7691197000001
630.38,1,24,64,0,malla,,False,2,OPA_SUMo,980510.0,271.0,True,True,True,-418.0305430000002
630.74,1,24,64,0,malla,,False,3,SUMo,982492.0,276.0,True,True,True,-378.5576256000008
631.1,1,24,64,0,malla,,False,4,LPo,875000.0,258.0,True,False,True,-2519.3360500000003
632.96,1,24,64,64,malla,,False,0,PGAgain,1002221.0,272.0,True,True,True,14.359219700000073
633.32,1,24,64,64,malla,,False,1,BPo,1009248.0,267.0,True,True,True,154.30684360000095
633.68,1,24,64,64,malla,,False,2,OPA_SUMo,1027920.0,248.0,True,True,True,526.1727940000014
634.04,1,24,64,64,malla,,False,3,SUMo,1029861.0,272.0,True,True,True,564.8291677000021
634.4,1,24,64,64,malla,,False,4,LPo,875005.0,249.0,True,False,True,-2519.2364715000003
636.26,1,24,64,128,malla,,False,0,PGAgain,1002293.0,291.0,True,True,True,15.793150100000128
636.62,1,24,64,128,malla,,False,1,BPo,1009195.0,271.0,True,True,True,153.251311500001
636.98,1,24,64,128,malla,,False,2,OPA_SUMo,1075310.0,283.0,True,True,True,1469.977816999999
637.34,1,24,64,128,malla,,False,3,SUMo,1077395.0,256.0,True,True,True,1511.5020514999997
637.7,1,24,64,128,malla,,False,4,LPo,875000.0,273.0,True,False,True,-2519.3360500000003
639.56,1,24,64,255,malla,,False,0,PGAgain,1002269.0,259.0,True,True,True,15.31517330000011
639.92,1,24,64,255,malla,,False,1,BPo,1009243.0,261.0,True,True,True,154.20726510000105
640.28,1,24,64,255,malla,,False,2,OPA_SUMo,1128000.0,249.0,True,False,True,2519.3360500000003
640.64,1,24,64,255,malla,,False,3,SUMo,1128000.0,246.0,True,False,True,2519.3360500000003
641.0,1,24,64,255,malla,,False,4,LPo,875037.0,269.0,True,False,True,-2518.5991690999995
705.68,1,24,128,0,referencia,,False,0,PGAgain,1002265.0,271.0,True,True,True,15.235510499999728
706.04,1,24,128,0,referencia,,False,1,BPo,1014972.0,261.0,True,True,True,268.3043103999996
706.4,1,24,128,0,referencia,,False,2,OPA_SUMo,957627.0,251.0,True,True,True,-873.761506100001
706.76,1,24,128,0,referencia,,False,3,SUMo,959620.0,278.0,True,True,True,-834.0695159999999
707.12,1,24,128,0,referencia,,False,4,LPo,875000.0,269.0,True,False,True,-2519.3360500000003
708.98,1,24,128,-255,malla,,False,0,PGAgain,1002262.0,275.0,True,True,True,15.175763399998878
709.34,1,24,128,-255,malla,,False,1,BPo,1014965.0,267.0,True,True,True,268.16490050000067
709.7,1,24,128,-255,malla,,False,2,OPA_SUMo,875000.0,253.0,True,False,True,-2519.3360500000003
710.06,1,24,128,-255,malla,,False,3,SUMo,875000.0,267.0,True,False,True,-2519.3360500000003
710.42,1,24,128,-255,malla,,False,4,LPo,875000.0,244.0,True,False,True,-2519.3360500000003
712.28,1,24,128,-128,malla,,False,0,PGAgain,1002277.0,290.0,True,True,True,15.47449890000087
712.64,1,24,128,-128,malla,,False,1,BPo,1015036.0,260.0,True,True,True,269.5789151999989
713.0,1,24,128,-128,malla,,False,2,OPA_SUMo,875000.0,262.0,True,False,True,-2519.3360500000003
713.36,1,24,128,-128,malla,,False,3,SUMo,875000.0,259.0,True,False,True,-2519.3360500000003
713.72,1,24,128,-128,malla,,False,4,LPo,875000.0,282.0,True,False,True,-2519.3360500000003
715.58,1,24,128,-64,malla,,False,0,PGAgain,1002231.0,264.0,True,True,True,14.558376699999892
715.94,1,24,128,-64,malla,,False,1,BPo,1015010.0,277.0,True,True,True,269.0611069999998
716.3,1,24,128,-64,malla,,False,2,OPA_SUMo,910157.0,255.0,True,True,True,-1819.1597850999992
716.66,1,24,128,-64,malla,,False,3,SUMo,912258.0,270.0,True,True,True,-1777.3168993999993
717.02,1,24,128,-64,malla,,False,4,LPo,875058.0,279.0,True,False,True,-2518.1809394
718.88,1,24,128,0,malla,,False,0,PGAgain,1002228.0,252.0,True,True,True,14.49862959999904
719.24,1,24,128,0,malla,,False,1,BPo,1014954.0,251.0,True,True,True,267.94582779999905
719.6,1,24,128,0,malla,,False,2,OPA_SUMo,957670.0,243.0,True,True,True,-872.9051310000009
719.96,1,24,128,0,malla,,False,3,SUMo,959604.0,262.0,True,True,True,-834.3881671999992
720.32,1,24,128,0,malla,,False,4,LPo,875000.0,302.0,True,False,False,-2519.3360500000003
722.18,1,24,128,64,malla,,False,0,PGAgain,1002245.0,259.0,True,True,True,14.837196500000092
722.54,1,24,128,64,malla,,False,1,BPo,1015038.0,260.0,True,True,True,269.61874660000024
722.9,1,24,128,64,malla,,False,2,OPA_SUMo,1005110.0,259.0,True,True,True,71.89567700000028
723.26,1,24,128,64,malla,,False,3,SUMo,1007073.0,250.0,True,True,True,110.9901960999996
723.62,1,24,128,64,malla,,False,4,LPo,875015.0,255.0,True,False,True,-2519.0373145000003
725.48,1,24,128,128,malla,,False,0,PGAgain,1002213.0,274.0,True,True,True,14.199894099999312
725.84,1,24,128,128,malla,,False,1,BPo,1015020.0,252.0,True,True,True,269.26026399999967
726.2,1,24,128,128,malla,,False,2,OPA_SUMo,1052510.0,279.0,True,True,True,1015.8998569999999
726.56,1,24,128,128,malla,,False,3,SUMo,1054563.0,275.0,True,True,True,1056.7867891000021
726.92,1,24,128,128,malla,,False,4,LPo,875034.0,255.0,True,False,True,-2518.6589162000005
728.78,1,24,128,255,malla,,False,0,PGAgain,1002216.0,256.0,True,True,True,14.259641200000164
729.14,1,24,128,255,malla,,False,1,BPo,1015033.0,267.0,True,True,True,269.51916810000034
729.5,1,24,128,255,malla,,False,2,OPA_SUMo,1128000.0,273.0,True,False,True,2519.3360500000003
729.86,1,24,128,255,malla,,False,3,SUMo,1128000.0,267.0,True,False,True,2519.3360500000003
730.22,1,24,128,255,malla,,False,4,LPo,875013.0,275.0,True,False,True,-2519.0771458999993
794.9,1,24,192,0,referencia,,False,0,PGAgain,1002250.0,261.0,True,True,True,14.936775
795.26,1,24,192,0,referencia,,False,1,BPo,1020838.0,250.0,True,True,True,385.1298065999993
795.62,1,24,192,0,referencia,,False,2,OPA_SUMo,934763.0,289.0,True,True,True,-1329.1140708999994
795.98,1,24,192,0,referencia,,False,3,SUMo,936853.0,284.0,True,True,True,-1287.490257900001
796.34,1,24,192,0,referencia,,False,4,LPo,875018.0,251.0,True,False,True,-2518.9775673999998
798.2,1,24,192,-255,malla,,False,0,PGAgain,1002151.0,286.0,True,True,True,12.965120699999076
798.56,1,24,192,-255,malla,,False,1,BPo,1020791.0,256.0,True,True,True,384.1937687000011
798.92,1,24,192,-255,malla,,False,2,OPA_SUMo,875000.0,268.0,True,False,True,-2519.3360500000003
799.28,1,24,192,-255,malla,,False,3,SUMo,875000.0,269.0,True,False,True,-2519.3360500000003
799.64,1,24,192,-255,malla,,False,4,LPo,875014.0,266.0,True,False,True,-2519.0572302
801.5,1,24,192,-128,malla,,False,0,PGAgain,1002197.0,291.0,True,True,True,13.881242900000055
801.86,1,24,192,-128,malla,,False,1,BPo,1020771.0,270.0,True,True,True,383.7954546999992
802.22,1,24,192,-128,malla,,False,2,OPA_SUMo,875000.0,326.0,True,False,False,-2519.3360500000003
802.58,1,24,192,-128,malla,,False,3,SUMo,875000.0,256.0,True,False,True,-2519.3360500000003
802.94,1,24,192,-128,malla,,False,4,LPo,875053.0,289.0,True,False,True,-2518.2805179
804.8,1,24,192,-64,malla,,False,0,PGAgain,1002292.0,257.0,True,True,True,15.773234400000598
805.16,1,24,192,-64,malla,,False,1,BPo,1020796.0,249.0,True,True,True,384.293347200001
805.52,1,24,192,-64,malla,,False,2,OPA_SUMo,887457.0,280.0,True,True,True,-2271.2461751
805.88,1,24,192,-64,malla,,False,3,SUMo,889406.0,270.0,True,True,True,-2232.430475800001
806.24,1,24,192,-64,malla,,False,4,LPo,875000.0,274.0,True,False,True,-2519.3360500000003
808.1,1,24,192,0,malla,,False,0,PGAgain,1002255.0,290.0,True,True,True,15.03635349999991
808.46,1,24,192,0,malla,,False,1,BPo,1020770.0,296.0,True,True,True,383.77553899999964
808.82,1,24,192,0,malla,,False,2,OPA_SUMo,934881.0,269.0,True,True,True,-1326.7640183000005
809.18,1,24,192,0,malla,,False,3,SUMo,936866.0,279.0,True,True,True,-1287.2313538000003
809.54,1,24,192,0,malla,,False,4,LPo,875009.0,251.0,True,False,True,-2519.1568087
811.4,1,24,192,64,malla,,False,0,PGAgain,1002202.0,286.0,True,True,True,13.980821399999964
811.76,1,24,192,64,malla,,False,1,BPo,1020800.0,288.0,True,True,True,384.3730099999991
812.12,1,24,192,64,malla,,False,2,OPA_SUMo,982332.0,275.0,True,True,True,-381.74413760000016
812.48,1,24,192,64,malla,,False,3,SUMo,984251.0,294.0,True,True,True,-343.5259093000005
812.84,1,24,192,64,malla,,False,4,LPo,875000.0,253.0,True,False,True,-2519.3360500000003
814.7,1,24,192,128,malla,,False,0,PGAgain,1002221.0,280.0,True,True,True,14.359219700000073
815.06,1,24,192,128,malla,,False,1,BPo,1020795.0,259.0,True,True,True,384.2734314999992
815.42,1,24,192,128,malla,,False,2,OPA_SUMo,1029672.0,279.0,True,True,True,561.0651004000006
815.78,1,24,192,128,malla,,False,3,SUMo,1031709.0,248.0,True,True,True,601.6333813000012
816.14,1,24,192,128,malla,,False,4,LPo,875013.0,247.0,True,False,True,-2519.0771458999993
818.0,1,24,192,255,malla,,False,0,PGAgain,1002184.0,257.0,True,True,True,13.622338799999385
818.36,1,24,192,255,malla,,False,1,BPo,1020810.0,280.0,True,True,True,384.57216699999896
818.72,1,24,192,255,malla,,False,2,OPA_SUMo,1123815.0,260.0,True,False,True,2435.9888455000014
819.08,1,24,192,255,malla,,False,3,SUMo,1125803.0,251.0,True,False,True,2475.5812571000024
819.44,1,24,192,255,malla,,False,4,LPo,875011.0,265.0,True,False,True,-2519.1169773000006
884.12,1,24,255,0,referencia,,False,0,PGAgain,1002179.0,267.0,True,True,True,13.522760299999476
884.48,1,24,255,0,referencia,,False,1,BPo,1026544.0,259.0,True,True,True,498.76879080000197
884.84,1,24,255,0,referencia,,False,2,OPA_SUMo,912385.0,274.0,True,True,True,-1774.7876055000004
885.2,1,24,255,0,referencia,,False,3,SUMo,914367.0,281.0,True,True,True,-1735.314688100001
885.56,1,24,255,0,referencia,,False,4,LPo,875024.0,251.0,True,False,True,-2518.8580732
887.42,1,24,255,-255,malla,,False,0,PGAgain,1002179.0,285.0,True,True,True,13.522760299999476
887.78,1,24,255,-255,malla,,False,1,BPo,1026456.0,290.0,True,True,True,497.0162091999981
888.14,1,24,255,-255,malla,,False,2,OPA_SUMo,875000.0,252.0,True,False,True,-2519.3360500000003
888.5,1,24,255,-255,malla,,False,3,SUMo,875000.0,272.0,True,False,True,-2519.3360500000003
888.86,1,24,255,-255,malla,,False,4,LPo,875049.0,250.0,True,False,True,-2518.3601807000005
890.72,1,24,255,-128,malla,,False,0,PGAgain,1002155.0,246.0,True,True,True,13.044783499999458
891.08,1,24,255,-128,malla,,False,1,BPo,1026522.0,269.0,True,True,True,498.33064539999873
891.44,1,24,255,-128,malla,,False,2,OPA_SUMo,875000.0,277.0,True,False,True,-2519.3360500000003
891.8,1,24,255,-128,malla,,False,3,SUMo,875000.0,252.0,True,False,True,-2519.3360500000003
892.16,1,24,255,-128,malla,,False,4,LPo,875044.0,277.0,True,False,True,-2518.4597592000005
894.02,1,24,255,-64,malla,,False,0,PGAgain,1002140.0,281.0,True,True,True,12.746047999999728
894.38,1,24,255,-64,malla,,False,1,BPo,1026514.0,251.0,True,True,True,498.17131979999795
894.74,1,24,255,-64,malla,,False,2,OPA_SUMo,875000.0,255.0,True,False,True,-2519.3360500000003
895.1,1,24,255,-64,malla,,False,3,SUMo,875000.0,277.0,True,False,True,-2519.3360500000003
895.46,1,24,255,-64,malla,,False,4,LPo,875052.0,304.0,True,False,False,-2518.3004336
897.32,1,24,255,0,malla,,False,0,PGAgain,1002157.0,273.0,True,True,True,13.08461490000078
897.68,1,24,255,0,malla,,False,1,BPo,1026495.0,250.0,True,True,True,497.7929214999979
898.04,1,24,255,0,malla,,False,2,OPA_SUMo,912447.0,262.0,True,True,True,-1773.5528321
898.4,1,24,255,0,malla,,False,3,SUMo,914395.0,255.0,True,True,True,-1734.7570485000006
898.76,1,24,255,0,malla,,False,4,LPo,875007.0,257.0,True,False,True,-2519.1966401000013
900.62,1,24,255,64,malla,,False,0,PGAgain,1002190.0,290.0,True,True,True,13.741833000001087
900.98,1,24,255,64,malla,,False,1,BPo,1026447.0,268.0,True,True,True,496.83696789999783
901.34,1,24,255,64,malla,,False,2,OPA_SUMo,959847.0,259.0,True,True,True,-829.5486521000005
901.7,1,24,255,64,malla,,False,3,SUMo,961871.0,268.0,True,True,True,-789.2392753000004
902.06,1,24,255,64,malla,,False,4,LPo,875000.0,266.0,True,False,True,-2519.3360500000003
903.92,1,24,255,128,malla,,False,0,PGAgain,1002132.0,273.0,True,True,True,12.586722399998969
904.28,1,24,255,128,malla,,False,1,BPo,1026503.0,291.0,True,True,True,497.9522470999986
904.64,1,24,255,128,malla,,False,2,OPA_SUMo,1007254.0,261.0,True,True,True,114.59493780000038
905.0,1,24,255,128,malla,,False,3,SUMo,1009203.0,271.0,True,True,True,153.4106370999995
905.36,1,24,255,128,malla,,False,4,LPo,875000.0,248.0,True,False,True,-2519.3360500000003
907.22,1,24,255,255,malla,,False,0,PGAgain,1002116.0,267.0,True,True,True,12.26807119999971
907.58,1,24,255,255,malla,,False,1,BPo,1026464.0,264.0,True,True,True,497.17553479999884
907.94,1,24,255,255,malla,,False,2,OPA_SUMo,1101491.0,260.0,True,True,True,1991.3907586999999
908.3,1,24,255,255,malla,,False,3,SUMo,1103367.0,253.0,True,True,True,2028.7526118999992
908.66,1,24,255,255,malla,,False,4,LPo,875000.0,259.0,True,False,True,-2519.3360500000003
973.34,2,24,255,0,referencia,,False,0,PGAgain,1002136.0,267.0,True,True,True,12.666385199999349
973.7,2,24,255,0,referencia,,False,1,BPo,1026468.0,279.0,True,True,True,497.2551976000015
974.06,2,24,255,0,referencia,,False,2,OPA_SUMo,912518.0,284.0,True,True,True,-1772.1388173999994
974.42,2,24,255,0,referencia,,False,3,SUMo,914515.0,273.0,True,True,True,-1732.3671645000004
974.78,2,24,255,0,referencia,,False,4,LPo,875000.0,277.0,True,False,True,-2519.3360500000003
976.64,2,24,255,-255,malla,,False,0,PGAgain,1002117.0,263.0,True,True,True,12.28798689999924
977.0,2,24,255,-255,malla,,False,1,BPo,1026543.0,250.0,True,True,True,498.7488750999979
977.36,2,24,255,-255,malla,,False,2,OPA_SUMo,875000.0,255.0,True,False,True,-2519.3360500000003
977.72,2,24,255,-255,malla,,False,3,SUMo,875000.0,262.0,True,False,True,-2519.3360500000003
978.08,2,24,255,-255,malla,,False,4,LPo,875004.0,266.0,True,False,True,-2519.2563871999996
979.94,2,24,255,-128,malla,,False,0,PGAgain,1002125.0,274.0,True,True,True,12.4473125
980.3,2,24,255,-128,malla,,False,1,BPo,1026431.0,260.0,True,True,True,496.5183167000008
980.66,2,24,255,-128,malla,,False,2,OPA_SUMo,875000.0,290.0,True,False,True,-2519.3360500000003
981.02,2,24,255,-128,malla,,False,3,SUMo,875000.0,253.0,True,False,True,-2519.3360500000003
981.38,2,24,255,-128,malla,,False,4,LPo,875082.0,279.0,True,False,True,-2517.7029626000003
983.24,2,24,255,-64,malla,,False,0,PGAgain,1002179.0,245.0,True,True,True,13.522760299999476
983.6,2,24,255,-64,malla,,False,1,BPo,1026460.0,261.0,True,True,True,497.0958720000007
983.96,2,24,255,-64,malla,,False,2,OPA_SUMo,875000.0,259.0,True,False,True,-2519.3360500000003
984.32,2,24,255,-64,malla,,False,3,SUMo,875000.0,268.0,True,False,True,-2519.3360500000003
984.68,2,24,255,-64,malla,,False,4,LPo,875000.0,264.0,True,False,True,-2519.3360500000003
986.54,2,24,255,0,malla,,False,0,PGAgain,1002096.0,249.0,True,True,True,11.869757200000073
986.9,2,24,255,0,malla,,False,1,BPo,1026483.0,254.0,True,True,True,497.55393309999897
987.26,2,24,255,0,malla,,False,2,OPA_SUMo,912573.0,278.0,True,True,True,-1771.0434539000005
987.62,2,24,255,0,malla,,False,3,SUMo,914614.0,257.0,True,True,True,-1730.3955101999995
987.98,2,24,255,0,malla,,False,4,LPo,875000.0,252.0,True,False,True,-2519.3360500000003
989.84,2,24,255,64,malla,,False,0,PGAgain,1002108.0,259.0,True,True,True,12.10874559999895
990.2,2,24,255,64,malla,,False,1,BPo,1026461.0,267.0,True,True,True,497.1157877000003
990.56,2,24,255,64,malla,,False,2,OPA_SUMo,960041.0,264.0,True,True,True,-825.685006299999
990.92,2,24,255,64,malla,,False,3,SUMo,961997.0,269.0,True,True,True,-786.7298971000009
991.28,2,24,255,64,malla,,False,4,LPo,875035.0,262.0,True,False,True,-2518.6390005000007
993.14,2,24,255,128,malla,,False,0,PGAgain,1002142.0,264.0,True,True,True,12.78587940000105
993.5,2,24,255,128,malla,,False,1,BPo,1026484.0,250.0,True,True,True,497.57384879999853
993.86,2,24,255,128,malla,,False,2,OPA_SUMo,1007446.0,268.0,True,True,True,118.41875220000053
994.22,2,24,255,128,malla,,False,3,SUMo,1009452.0,246.0,True,True,True,158.36964639999997
994.58,2,24,255,128,malla,,False,4,LPo,875000.0,280.0,True,False,True,-2519.3360500000003
996.44,2,24,255,255,malla,,False,0,PGAgain,1002109.0,263.0,True,True,True,12.128661300000743
996.8,2,24,255,255,malla,,False,1,BPo,1026452.0,258.0,True,True,True,496.9365464
997.16,2,24,255,255,malla,,False,2,OPA_SUMo,1101554.0,245.0,True,True,True,1992.6454478000019
997.52,2,24,255,255,malla,,False,3,SUMo,1103569.0,272.0,True,True,True,2032.7755832999994
997.88,2,24,255,255,malla,,False,4,LPo,875000.0,279.0,True,False,True,-2519.3360500000003
1062.56,2,24,192,0,referencia,,False,0,PGAgain,1002139.0,261.0,True,True,True,12.7261323000002
1062.92,2,24,192,0,referencia,,False,1,BPo,1020780.0,250.0,True,True,True,383.9746959999995
1063.28,2,24,192,0,referencia,,False,2,OPA_SUMo,935428.0,290.0,True,True,True,-1315.8701304
1063.64,2,24,192,0,referencia,,False,3,SUMo,937415.0,257.0,True,True,True,-1276.2976345000009
1064.0,2,24,192,0,referencia,,False,4,LPo,875002.0,250.0,True,False,True,-2519.296218600001
1065.86,2,24,192,-255,malla,,False,0,PGAgain,1002181.0,245.0,True,True,True,13.562591700000798
1066.22,2,24,192,-255,malla,,False,1,BPo,1020847.0,269.0,True,True,True,385.3090478999996
1066.58,2,24,192,-255,malla,,False,2,OPA_SUMo,875000.0,251.0,True,False,True,-2519.3360500000003
1066.94,2,24,192,-255,malla,,False,3,SUMo,875000.0,248.0,True,False,True,-2519.3360500000003
1067.3,2,24,192,-255,malla,,False,4,LPo,875014.0,273.0,True,False,True,-2519.0572302
1069.16,2,24,192,-128,malla,,False,0,PGAgain,1002120.0,284.0,True,True,True,12.347734000000091
1069.52,2,24,192,-128,malla,,False,1,BPo,1020771.0,257.0,True,True,True,383.7954546999992
1069.88,2,24,192,-128,malla,,False,2,OPA_SUMo,875000.0,243.0,True,False,True,-2519.3360500000003
1070.24,2,24,192,-128,malla,,False,3,SUMo,875000.0,248.0,True,False,True,-2519.3360500000003
1070.6,2,24,192,-128,malla,,False,4,LPo,875040.0,286.0,True,False,True,-2518.5394220000007
1072.46,2,24,192,-64,malla,,False,0,PGAgain,1002178.0,272.0,True,True,True,13.502844599999946
1072.82,2,24,192,-64,malla,,False,1,BPo,1020794.0,256.0,True,True,True,384.25351579999966
1073.18,2,24,192,-64,malla,,False,2,OPA_SUMo,887949.0,247.0,True,True,True,-2261.447650700001
1073.54,2,24,192,-64,malla,,False,3,SUMo,889978.0,265.0,True,True,True,-2221.038695400001
1073.9,2,24,192,-64,malla,,False,4,LPo,875000.0,265.0,True,False,True,-2519.3360500000003
1075.76,2,24,192,0,malla,,False,0,PGAgain,1002114.0,272.0,True,True,True,12.228239800000653
1076.12,2,24,192,0,malla,,False,1,BPo,1020791.0,259.0,True,True,True,384.1937687000011
1076.48,2,24,192,0,malla,,False,2,OPA_SUMo,935307.0,266.0,True,True,True,-1318.2799300999998
1076.84,2,24,192,0,malla,,False,3,SUMo,937372.0,262.0,True,True,True,-1277.154009600001
1077.2,2,24,192,0,malla,,False,4,LPo,875011.0,270.0,True,False,True,-2519.1169773000006
1079.06,2,24,192,64,malla,,False,0,PGAgain,1002158.0,251.0,True,True,True,13.10453060000031
1079.42,2,24,192,64,malla,,False,1,BPo,1020811.0,250.0,True,True,True,384.59208270000073
1079.78,2,24,192,64,malla,,False,2,OPA_SUMo,982796.0,299.0,True,True,True,-372.503252799999
1080.14,2,24,192,64,malla,,False,3,SUMo,984798.0,248.0,True,True,True,-332.6320214
1080.5,2,24,192,64,malla,,False,4,LPo,875000.0,242.0,True,False,True,-2519.3360500000003
1082.36,2,24,192,128,malla,,False,0,PGAgain,1002133.0,260.0,True,True,True,12.606638100000762
1082.72,2,24,192,128,malla,,False,1,BPo,1020820.0,255.0,True,True,True,384.771324000001
1083.08,2,24,192,128,malla,,False,2,OPA_SUMo,1030208.0,261.0,True,True,True,571.7399156000017
1083.44,2,24,192,128,malla,,False,3,SUMo,1032294.0,272.0,True,True,True,613.2840658000019
1083.8,2,24,192,128,malla,,False,4,LPo,875057.0,285.0,True,False,True,-2518.2008551
1085.66,2,24,192,255,malla,,False,0,PGAgain,1002203.0,252.0,True,True,True,14.000737099999494
1086.02,2,24,192,255,malla,,False,1,BPo,1020762.0,272.0,True,True,True,383.6162133999989
1086.38,2,24,192,255,malla,,False,2,OPA_SUMo,1124368.0,271.0,True,False,True,2447.002227599999
1086.74,2,24,192,255,malla,,False,3,SUMo,1126340.0,293.0,True,False,True,2486.2759879999985
1087.1,2,24,192,255,malla,,False,4,LPo,875000.0,259.0,True,False,True,-2519.3360500000003
1151.78,2,24,128,0,referencia,,False,0,PGAgain,1002079.0,267.0,True,True,True,11.531190299999022
1152.14,2,24,128,0,referencia,,False,1,BPo,1015025.0,250.0,True,True,True,269.35984249999956
1152.5,2,24,128,0,referencia,,False,2,OPA_SUMo,958418.0,269.0,True,True,True,-858.0081873999999
1152.86,2,24,128,0,referencia,,False,3,SUMo,960489.0,243.0,True,True,True,-816.7627726999993
1153.22,2,24,128,0,referencia,,False,4,LPo,875010.0,259.0,True,False,True,-2519.1368930000003
1155.08,2,24,128,-255,malla,,False,0,PGAgain,1002076.0,279.0,True,True,True,11.471443200000435
1155.44,2,24,128,-255,malla,,False,1,BPo,1015044.0,275.0,True,True,True,269.7382407999997
1155.8,2,24,128,-255,malla,,False,2,OPA_SUMo,875000.0,286.0,True,False,True,-2519.3360500000003
1156.16,2,24,128,-255,malla,,False,3,SUMo,875000.0,256.0,True,False,True,-2519.3360500000003
1156.52,2,24,128,-255,malla,,False,4,LPo,875038.0,259.0,True,False,True,-2518.5792533999997
1158.38,2,24,128,-128,malla,,False,0,PGAgain,1002138.0,303.0,True,True,False,12.70621660000067
1158.74,2,24,128,-128,malla,,False,1,BPo,1015034.0,250.0,True,True,True,269.53908379999984
1159.1,2,24,128,-128,malla,,False,2,OPA_SUMo,875000.0,273.0,True,False,True,-2519.3360500000003
1159.46,2,24,128,-128,malla,,False,3,SUMo,875000.0,252.0,True,False,True,-2519.3360500000003
1159.82,2,24,128,-128,malla,,False,4,LPo,875000.0,258.0,True,False,True,-2519.3360500000003
1161.68,2,24,128,-64,malla,,False,0,PGAgain,1002180.0,267.0,True,True,True,13.542675999999004
1162.04,2,24,128,-64,malla,,False,1,BPo,1015031.0,253.0,True,True,True,269.479336699999
1162.4,2,24,128,-64,malla,,False,2,OPA_SUMo,911004.0,260.0,True,True,True,-1802.2911871999997
1162.76,2,24,128,-64,malla,,False,3,SUMo,913068.0,253.0,True,True,True,-1761.1851824000005
1163.12,2,24,128,-64,malla,,False,4,LPo,875000.0,260.0,True,False,True,-2519.3360500000003
1164.98,2,24,128,0,malla,,False,0,PGAgain,1002111.0,272.0,True,True,True,12.1684926999998
1165.34,2,24,128,0,malla,,False,1,BPo,1015048.0,266.0,True,True,True,269.8179036
1165.7,2,24,128,0,malla,,False,2,OPA_SUMo,958470.0,266.0,True,True,True,-856.9725709999994
1166.06,2,24,128,0,malla,,False,3,SUMo,960489.0,259.0,True,True,True,-816.7627726999993
1166.42,2,24,128,0,malla,,False,4,LPo,875078.0,265.0,True,False,True,-2517.7826254000006
1168.28,2,24,128,64,malla,,False,0,PGAgain,1002137.0,270.0,True,True,True,12.686300899998878
1168.64,2,24,128,64,malla,,False,1,BPo,1015055.0,273.0,True,True,True,269.95731349999903
1169.0,2,24,128,64,malla,,False,2,OPA_SUMo,1005892.0,249.0,True,True,True,87.46975440000105
1169.36,2,24,128,64,malla,,False,3,SUMo,1007884.0,263.0,True,True,True,127.1418288000003
1169.72,2,24,128,64,malla,,False,4,LPo,875013.0,249.0,True,False,True,-2519.0771458999993
1171.58,2,24,128,128,malla,,False,0,PGAgain,1002183.0,254.0,True,True,True,13.602423099999855
1171.94,2,24,128,128,malla,,False,1,BPo,1015022.0,254.0,True,True,True,269.300095400001
1172.3,2,24,128,128,malla,,False,2,OPA_SUMo,1053366.0,258.0,True,True,True,1032.9476961999997
1172.66,2,24,128,128,malla,,False,3,SUMo,1055310.0,282.0,True,True,True,1071.663816999999
1173.02,2,24,128,128,malla,,False,4,LPo,875000.0,266.0,True,False,True,-2519.3360500000003
1174.88,2,24,128,255,malla,,False,0,PGAgain,1002138.0,247.0,True,True,True,12.70621660000067
1175.24,2,24,128,255,malla,,False,1,BPo,1015108.0,261.0,True,True,True,271.01284559999897
1175.6,2,24,128,255,malla,,False,2,OPA_SUMo,1128000.0,270.0,True,False,True,2519.3360500000003
1175.96,2,24,128,255,malla,,False,3,SUMo,1128000.0,272.0,True,False,True,2519.3360500000003
1176.32,2,24,128,255,malla,,False,4,LPo,875000.0,254.0,True,False,True,-2519.3360500000003
1241.0,2,24,64,0,referencia,,False,0,PGAgain,1002062.0,255.0,True,True,True,11.192623400000237
1241.36,2,24,64,0,referencia,,False,1,BPo,1009184.0,244.0,True,True,True,153.0322387999994
1241.72,2,24,64,0,referencia,,False,2,OPA_SUMo,981496.0,266.0,True,True,True,-398.3936628000004
1242.08,2,24,64,0,referencia,,False,3,SUMo,983437.0,269.0,True,True,True,-359.73728909999977
1242.44,2,24,64,0,referencia,,False,4,LPo,875062.0,281.0,True,False,True,-2518.1012766
1244.3,2,24,64,-255,malla,,False,0,PGAgain,1002151.0,241.0,True,True,True,12.965120699999076
1244.66,2,24,64,-255,malla,,False,1,BPo,1009267.0,262.0,True,True,True,154.68524190000105
1245.02,2,24,64,-255,malla,,False,2,OPA_SUMo,875000.0,255.0,True,False,True,-2519.3360500000003
1245.38,2,24,64,-255,malla,,False,3,SUMo,875000.0,264.0,True,False,True,-2519.3360500000003
1245.74,2,24,64,-255,malla,,False,4,LPo,875008.0,262.0,True,False,True,-2519.1767243999993
1247.6,2,24,64,-128,malla,,False,0,PGAgain,1002168.0,252.0,True,True,True,13.303687600000128
1247.96,2,24,64,-128,malla,,False,1,BPo,1009293.0,247.0,True,True,True,155.20305010000013
1248.32,2,24,64,-128,malla,,False,2,OPA_SUMo,886602.0,275.0,True,True,True,-2288.274098600001
1248.68,2,24,64,-128,malla,,False,3,SUMo,888622.0,271.0,True,True,True,-2248.044384600001
1249.04,2,24,64,-128,malla,,False,4,LPo,875039.0,272.0,True,False,True,-2518.5593377000005
1250.9,2,24,64,-64,malla,,False,0,PGAgain,1002175.0,261.0,True,True,True,13.443097499999094
1251.26,2,24,64,-64,malla,,False,1,BPo,1009229.0,261.0,True,True,True,153.92844530000085
1251.62,2,24,64,-64,malla,,False,2,OPA_SUMo,934055.0,262.0,True,True,True,-1343.214386500001
1251.98,2,24,64,-64,malla,,False,3,SUMo,935998.0,272.0,True,True,True,-1304.518181399999
1252.34,2,24,64,-64,malla,,False,4,LPo,875021.0,276.0,True,False,True,-2518.917820300001
1254.2,2,24,64,0,malla,,False,0,PGAgain,1002164.0,252.0,True,True,True,13.224024799999746
1254.56,2,24,64,0,malla,,False,1,BPo,1009253.0,266.0,True,True,True,154.40642210000087
1254.92,2,24,64,0,malla,,False,2,OPA_SUMo,981488.0,270.0,True,True,True,-398.5529883999989
1255.28,2,24,64,0,malla,,False,3,SUMo,983432.0,252.0,True,True,True,-359.8368675999997
1255.64,2,24,64,0,malla,,False,4,LPo,875000.0,250.0,True,False,True,-2519.3360500000003
1257.5,2,24,64,64,malla,,False,0,PGAgain,1002153.0,257.0,True,True,True,13.004952100000398
1257.86,2,24,64,64,malla,,False,1,BPo,1009238.0,257.0,True,True,True,154.10768660000113
1258.22,2,24,64,64,malla,,False,2,OPA_SUMo,1028915.0,265.0,True,True,True,545.9889154999993
1258.58,2,24,64,64,malla,,False,3,SUMo,1030840.0,281.0,True,True,True,584.3266379999984
1258.94,2,24,64,64,malla,,False,4,LPo,875000.0,276.0,True,False,True,-2519.3360500000003
1260.8,2,24,64,128,malla,,False,0,PGAgain,1002148.0,282.0,True,True,True,12.90537360000049
1261.16,2,24,64,128,malla,,False,1,BPo,1009287.0,267.0,True,True,True,155.0835559000007
1261.52,2,24,64,128,malla,,False,2,OPA_SUMo,1076236.0,286.0,True,True,True,1488.419755200002
1261.88,2,24,64,128,malla,,False,3,SUMo,1078276.0,271.0,True,True,True,1529.0477832000015
1262.24,2,24,64,128,malla,,False,4,LPo,875000.0,270.0,True,False,True,-2519.3360500000003
1264.1,2,24,64,255,malla,,False,0,PGAgain,1002214.0,255.0,True,True,True,14.219809800001105
1264.46,2,24,64,255,malla,,False,1,BPo,1009233.0,257.0,True,True,True,154.00810809999896
1264.82,2,24,64,255,malla,,False,2,OPA_SUMo,1128000.0,300.0,True,False,False,2519.3360500000003
1265.18,2,24,64,255,malla,,False,3,SUMo,1128000.0,257.0,True,False,True,2519.3360500000003
1265.54,2,24,64,255,malla,,False,4,LPo,875017.0,252.0,True,False,True,-2518.997483099999
1330.22,2,24,0,0,referencia,,False,0,PGAgain,1002176.0,282.0,True,True,True,13.463013200000889
1330.58,2,24,0,0,referencia,,False,1,BPo,1003536.0,248.0,True,True,True,40.5483651999989
1330.94,2,24,0,0,referencia,,False,2,OPA_SUMo,1004315.0,285.0,True,True,True,56.06269550000109
1331.3,2,24,0,0,referencia,,False,3,SUMo,1006364.0,259.0,True,True,True,96.86996480000066
1331.66,2,24,0,0,referencia,,False,4,LPo,875005.0,261.0,True,False,True,-2519.2364715000003
1333.52,2,24,0,-255,malla,,False,0,PGAgain,1002176.0,265.0,True,True,True,13.463013200000889
1333.88,2,24,0,-255,malla,,False,1,BPo,1003535.0,250.0,True,True,True,40.52844949999937
1334.24,2,24,0,-255,malla,,False,2,OPA_SUMo,875000.0,273.0,True,False,True,-2519.3360500000003
1334.6,2,24,0,-255,malla,,False,3,SUMo,875000.0,279.0,True,False,True,-2519.3360500000003
1334.96,2,24,0,-255,malla,,False,4,LPo,875000.0,285.0,True,False,True,-2519.3360500000003
1336.82,2,24,0,-128,malla,,False,0,PGAgain,1002167.0,271.0,True,True,True,13.283771900000598
1337.18,2,24,0,-128,malla,,False,1,BPo,1003477.0,280.0,True,True,True,39.37333889999951
1337.54,2,24,0,-128,malla,,False,2,OPA_SUMo,909482.0,258.0,True,True,True,-1832.6028826000006
1337.9,2,24,0,-128,malla,,False,3,SUMo,911477.0,271.0,True,True,True,-1792.8710611000006
1338.26,2,24,0,-128,malla,,False,4,LPo,875026.0,273.0,True,False,True,-2518.818241800001
1340.12,2,24,0,-64,malla,,False,0,PGAgain,1002168.0,252.0,True,True,True,13.303687600000128
1340.48,2,24,0,-64,malla,,False,1,BPo,1003522.0,261.0,True,True,True,40.269545400000965
1340.84,2,24,0,-64,malla,,False,2,OPA_SUMo,956913.0,260.0,True,True,True,-887.9813158999998
1341.2,2,24,0,-64,malla,,False,3,SUMo,958917.0,270.0,True,True,True,-848.0702530999995
1341.56,2,24,0,-64,malla,,False,4,LPo,875044.0,254.0,True,False,True,-2518.4597592000005
1343.42,2,24,0,0,malla,,False,0,PGAgain,1002191.0,250.0,True,True,True,13.761748700000616
1343.78,2,24,0,0,malla,,False,1,BPo,1003521.0,257.0,True,True,True,40.24962969999917
1344.14,2,24,0,0,malla,,False,2,OPA_SUMo,1004308.0,271.0,True,True,True,55.92328559999986
1344.5,2,24,0,0,malla,,False,3,SUMo,1006272.0,260.0,True,True,True,95.03772040000096
1344.86,2,24,0,0,malla,,False,4,LPo,875020.0,249.0,True,False,True,-2518.9377360000003
1346.72,2,24,0,64,malla,,False,0,PGAgain,1002187.0,258.0,True,True,True,13.682085900000237
1347.08,2,24,0,64,malla,,False,1,BPo,1003499.0,264.0,True,True,True,39.81148430000047
1347.44,2,24,0,64,malla,,False,2,OPA_SUMo,1051801.0,292.0,True,True,True,1001.7796256999986
1347.8,2,24,0,64,malla,,False,3,SUMo,1053751.0,280.0,True,True,True,1040.6152406999995
1348.16,2,24,0,64,malla,,False,4,LPo,875000.0,258.0,True,False,True,-2519.3360500000003
1350.02,2,24,0,128,malla,,False,0,PGAgain,1002129.0,264.0,True,True,True,12.52697530000038
1350.38,2,24,0,128,malla,,False,1,BPo,1003435.0,268.0,True,True,True,38.53687949999892
1350.74,2,24,0,128,malla,,False,2,OPA_SUMo,1099223.0,269.0,True,True,True,1946.2219510999992
1351.1,2,24,0,128,malla,,False,3,SUMo,1101155.0,269.0,True,True,True,1984.6990834999995
1351.46,2,24,0,128,malla,,False,4,LPo,875034.0,261.0,True,False,True,-2518.6589162000005
1353.32,2,24,0,255,malla,,False,0,PGAgain,1002186.0,301.0,True,True,False,13.662170200000707
1353.68,2,24,0,255,malla,,False,1,BPo,1003507.0,252.0,True,True,True,39.97080989999897
1354.04,2,24,0,255,malla,,False,2,OPA_SUMo,1128000.0,265.0,True,False,True,2519.3360500000003
1354.4,2,24,0,255,malla,,False,3,SUMo,1128000.0,250.0,True,False,True,2519.3360500000003
1354.76,2,24,0,255,malla,,False,4,LPo,875058.0,264.0,True,False,True,-2518.1809394
1419.44,2,24,-64,0,referencia,,False,0,PGAgain,1002172.0,255.0,True,True,True,13.383350400000507
1419.8,2,24,-64,0,referencia,,False,1,BPo,997762.0,269.0,True,True,True,-74.44488660000113
1420.16,2,24,-64,0,referencia,,False,2,OPA_SUMo,1027222.0,287.0,True,True,True,512.2716353999996
1420.52,2,24,-64,0,referencia,,False,3,SUMo,1029272.0,276.0,True,True,True,553.0988203999988
1420.88,2,24,-64,0,referencia,,False,4,LPo,875010.0,270.0,True,False,True,-2519.1368930000003
1422.74,2,24,-64,-255,malla,,False,0,PGAgain,1002217.0,255.0,True,True,True,14.279556899999692
1423.1,2,24,-64,-255,malla,,False,1,BPo,997784.0,254.0,True,True,True,-74.00674120000016
1423.46,2,24,-64,-255,malla,,False,2,OPA_SUMo,875000.0,252.0,True,False,True,-2519.3360500000003
1423.82,2,24,-64,-255,malla,,False,3,SUMo,875000.0,272.0,True,False,True,-2519.3360500000003
1424.18,2,24,-64,-255,malla,,False,4,LPo,875000.0,253.0,True,False,True,-2519.3360500000003
1426.04,2,24,-64,-128,malla,,False,0,PGAgain,1002174.0,273.0,True,True,True,13.423181799999567
1426.4,2,24,-64,-128,malla,,False,1,BPo,997687.0,265.0,True,True,True,-75.93856409999977
1426.76,2,24,-64,-128,malla,,False,2,OPA_SUMo,932250.0,291.0,True,True,True,-1379.162225
1427.12,2,24,-64,-128,malla,,False,3,SUMo,934284.0,255.0,True,True,True,-1338.6536912000001
1427.48,2,24,-64,-128,malla,,False,4,LPo,875000.0,242.0,True,False,True,-2519.3360500000003
1429.34,2,24,-64,-64,malla,,False,0,PGAgain,1002222.0,258.0,True,True,True,14.379135399999603
1429.7,2,24,-64,-64,malla,,False,1,BPo,997717.0,264.0,True,True,True,-75.34109310000031
1430.06,2,24,-64,-64,malla,,False,2,OPA_SUMo,979701.0,284.0,True,True,True,-434.1423442999996
1430.42,2,24,-64,-64,malla,,False,3,SUMo,981737.0,263.0,True,True,True,-393.5939791000007
1430.78,2,24,-64,-64,malla,,False,4,LPo,875008.0,255.0,True,False,True,-2519.1767243999993
1432.64,2,24,-64,0,malla,,False,0,PGAgain,1002229.0,265.0,True,True,True,14.518545300000834
1433.0,2,24,-64,0,malla,,False,1,BPo,997736.0,259.0,True,True,True,-74.96269480000021
1433.36,2,24,-64,0,malla,,False,2,OPA_SUMo,1027084.0,274.0,True,True,True,509.52326880000123
1433.72,2,24,-64,0,malla,,False,3,SUMo,1029196.0,251.0,True,True,True,551.5852271999983
1434.08,2,24,-64,0,malla,,False,4,LPo,875012.0,259.0,True,False,True,-2519.0970616000013
1435.94,2,24,-64,64,malla,,False,0,PGAgain,1002227.0,252.0,True,True,True,14.478713899999512
1436.3,2,24,-64,64,malla,,False,1,BPo,997696.0,271.0,True,True,True,-75.75932279999948
1436.66,2,24,-64,64,malla,,False,2,OPA_SUMo,1074684.0,278.0,True,True,True,1457.5105887999994
1437.02,2,24,-64,64,malla,,False,3,SUMo,1076591.0,252.0,True,True,True,1495.489828699998
1437.38,2,24,-64,64,malla,,False,4,LPo,875000.0,260.0,True,False,True,-2519.3360500000003
1439.24,2,24,-64,128,malla,,False,0,PGAgain,1002194.0,248.0,True,True,True,13.821495799999203
1439.6,2,24,-64,128,malla,,False,1,BPo,997755.0,252.0,True,True,True,-74.5842965000001
1439.96,2,24,-64,128,malla,,False,2,OPA_SUMo,1121999.0,246.0,True,True,True,2399.8219343000005
1440.32,2,24,-64,128,malla,,False,3,SUMo,1123996.0,260.0,True,False,True,2439.593587200002
1440.68,2,24,-64,128,malla,,False,4,LPo,875014.0,253.0,True,False,True,-2519.0572302
1442.54,2,24,-64,255,malla,,False,0,PGAgain,1002190.0,247.0,True,True,True,13.741833000001087
1442.9,2,24,-64,255,malla,,False,1,BPo,997652.0,264.0,True,True,True,-76.63561359999913
1443.26,2,24,-64,255,malla,,False,2,OPA_SUMo,1128000.0,261.0,True,False,True,2519.3360500000003
1443.62,2,24,-64,255,malla,,False,3,SUMo,1128000.0,290.0,True,False,True,2519.3360500000003
1443.98,2,24,-64,255,malla,,False,4,LPo,875000.0,282.0,True,False,True,-2519.3360500000003
1508.66,2,24,-128,0,referencia,,False,0,PGAgain,1002167.0,257.0,True,True,True,13.283771900000598
1509.02,2,24,-128,0,referencia,,False,1,BPo,991953.0,268.0,True,True,True,-190.13518790000052
1509.38,2,24,-128,0,referencia,,False,2,OPA_SUMo,1050011.0,267.0,True,True,True,966.1305226999993
1509.74,2,24,-128,0,referencia,,False,3,SUMo,1052041.0,251.0,True,True,True,1006.5593936999989
1510.1,2,24,-128,0,referencia,,False,4,LPo,875024.0,265.0,True,False,True,-2518.8580732
1511.96,2,24,-128,-255,malla,,False,0,PGAgain,1002207.0,247.0,True,True,True,14.080399899999874
1512.32,2,24,-128,-255,malla,,False,1,BPo,992041.0,257.0,True,True,True,-188.38260629999894
1512.68,2,24,-128,-255,malla,,False,2,OPA_SUMo,875000.0,275.0,True,False,True,-2519.3360500000003
1513.04,2,24,-128,-255,malla,,False,3,SUMo,875000.0,266.0,True,False,True,-2519.3360500000003
1513.4,2,24,-128,-255,malla,,False,4,LPo,875000.0,261.0,True,False,True,-2519.3360500000003
1515.26,2,24,-128,-128,malla,,False,0,PGAgain,1002222.0,251.0,True,True,True,14.379135399999603
1515.62,2,24,-128,-128,malla,,False,1,BPo,991973.0,247.0,True,True,True,-189.7368739000009
1515.98,2,24,-128,-128,malla,,False,2,OPA_SUMo,955181.0,294.0,True,True,True,-922.4753082999993
1516.34,2,24,-128,-128,malla,,False,3,SUMo,957194.0,272.0,True,True,True,-882.3850042000008
1516.7,2,24,-128,-128,malla,,False,4,LPo,875020.0,273.0,True,False,True,-2518.9377360000003
1518.56,2,24,-128,-64,malla,,False,0,PGAgain,1002254.0,261.0,True,True,True,15.01643780000038
1518.92,2,24,-128,-64,malla,,False,1,BPo,991976.0,262.0,True,True,True,-189.67712680000002
1519.28,2,24,-128,-64,malla,,False,2,OPA_SUMo,1002497.0,262.0,True,True,True,19.85595289999915
1519.64,2,24,-128,-64,malla,,False,3,SUMo,1004614.0,256.0,True,True,True,62.017489800000654
1520.0,2,24,-128,-64,malla,,False,4,LPo,875019.0,312.0,True,False,False,-2518.9576517
1521.86,2,24,-128,0,malla,,False,0,PGAgain,1002183.0,265.0,True,True,True,13.602423099999855
1522.22,2,24,-128,0,malla,,False,1,BPo,991983.0,265.0,True,True,True,-189.53771690000107
1522.58,2,24,-128,0,malla,,False,2,OPA_SUMo,1050061.0,265.0,True,True,True,967.1263076999985
1522.94,2,24,-128,0,malla,,False,3,SUMo,1052067.0,260.0,True,True,True,1007.0772019000002
1523.3,2,24,-128,0,malla,,False,4,LPo,875000.0,266.0,True,False,True,-2519.3360500000003
1525.16,2,24,-128,64,malla,,False,0,PGAgain,1002234.0,272.0,True,True,True,14.618123800000744
1525.52,2,24,-128,64,malla,,False,1,BPo,992062.0,252.0,True,True,True,-187.96437659999978
1525.88,2,24,-128,64,malla,,False,2,OPA_SUMo,1097399.0,295.0,True,True,True,1909.895714299998
1526.24,2,24,-128,64,malla,,False,3,SUMo,1099398.0,307.0,True,True,False,1949.7071985999983
1526.6,2,24,-128,64,malla,,False,4,LPo,875015.0,252.0,True,False,True,-2519.0373145000003
1528.46,2,24,-128,128,malla,,False,0,PGAgain,1002256.0,255.0,True,True,True,15.05626919999944
1528.82,2,24,-128,128,malla,,False,1,BPo,991937.0,259.0,True,True,True,-190.45383909999978
1529.18,2,24,-128,128,malla,,False,2,OPA_SUMo,1128000.0,246.0,True,False,True,2519.3360500000003
1529.54,2,24,-128,128,malla,,False,3,SUMo,1128000.0,276.0,True,False,True,2519.3360500000003
1529.9,2,24,-128,128,malla,,False,4,LPo,875000.0,270.0,True,False,True,-2519.3360500000003
1531.76,2,24,-128,255,malla,,False,0,PGAgain,1002271.0,259.0,True,True,True,15.355004699999167
1532.12,2,24,-128,255,malla,,False,1,BPo,991897.0,244.0,True,True,True,-191.25046709999904
1532.48,2,24,-128,255,malla,,False,2,OPA_SUMo,1128000.0,256.0,True,False,True,2519.3360500000003
1532.84,2,24,-128,255,malla,,False,3,SUMo,1128000.0,303.0,True,False,False,2519.3360500000003
1533.2,2,24,-128,255,malla,,False,4,LPo,875041.0,298.0,True,False,True,-2518.519506299999
1597.88,2,24,-192,0,referencia,,False,0,PGAgain,1002274.0,283.0,True,True,True,15.414751800000019
1598.24,2,24,-192,0,referencia,,False,1,BPo,986215.0,256.0,True,True,True,-304.4114744999994
1598.6,2,24,-192,0,referencia,,False,2,OPA_SUMo,1072878.0,291.0,True,True,True,1421.5428345999987
1598.96,2,24,-192,0,referencia,,False,3,SUMo,1074797.0,256.0,True,True,True,1459.7610629000005
1599.32,2,24,-192,0,referencia,,False,4,LPo,875001.0,274.0,True,False,True,-2519.3161343000006
1601.18,2,24,-192,-255,malla,,False,0,PGAgain,1002263.0,247.0,True,True,True,15.195679100000671
1601.54,2,24,-192,-255,malla,,False,1,BPo,986173.0,272.0,True,True,True,-305.24793389999996
1601.9,2,24,-192,-255,malla,,False,2,OPA_SUMo,883908.0,279.0,True,True,True,-2341.9269944
1602.26,2,24,-192,-255,malla,,False,3,SUMo,885864.0,270.0,True,True,True,-2302.9718851999996
1602.62,2,24,-192,-255,malla,,False,4,LPo,875010.0,251.0,True,False,True,-2519.1368930000003
1604.48,2,24,-192,-128,malla,,False,0,PGAgain,1002253.0,256.0,True,True,True,14.996522100000853
1604.84,2,24,-192,-128,malla,,False,1,BPo,986229.0,258.0,True,True,True,-304.1326546999992
1605.2,2,24,-192,-128,malla,,False,2,OPA_SUMo,977905.0,244.0,True,True,True,-469.91094150000055
1605.56,2,24,-192,-128,malla,,False,3,SUMo,979953.0,257.0,True,True,True,-429.12358790000053
1605.92,2,24,-192,-128,malla,,False,4,LPo,875007.0,246.0,True,False,True,-2519.1966401000013
1607.78,2,24,-192,-64,malla,,False,0,PGAgain,1002302.0,262.0,True,True,True,15.972391400000417
1608.14,2,24,-192,-64,malla,,False,1,BPo,986192.0,266.0,True,True,True,-304.8695355999999
1608.5,2,24,-192,-64,malla,,False,2,OPA_SUMo,1025390.0,245.0,True,True,True,475.78607300000203
1608.86,2,24,-192,-64,malla,,False,3,SUMo,1027382.0,257.0,True,True,True,515.4581474000013
1609.22,2,24,-192,-64,malla,,False,4,LPo,875072.0,275.0,True,False,True,-2517.9021196
1611.08,2,24,-192,0,malla,,False,0,PGAgain,1002238.0,295.0,True,True,True,14.697786600001123
1611.44,2,24,-192,0,malla,,False,1,BPo,986214.0,269.0,True,True,True,-304.43139019999893
1611.8,2,24,-192,0,malla,,False,2,OPA_SUMo,1072843.0,255.0,True,True,True,1420.8457851000016
1612.16,2,24,-192,0,malla,,False,3,SUMo,1074760.0,275.0,True,True,True,1459.0241819999999
1612.52,2,24,-192,0,malla,,False,4,LPo,875000.0,251.0,True,False,True,-2519.3360500000003
1614.38,2,24,-192,64,malla,,False,0,PGAgain,1002220.0,267.0,True,True,True,14.339304000000544
1614.74,2,24,-192,64,malla,,False,1,BPo,986225.0,255.0,True,True,True,-304.2123174999996
1615.1,2,24,-192,64,malla,,False,2,OPA_SUMo,1120202.0,258.0,True,True,True,2364.0334214
1615.46,2,24,-192,64,malla,,False,3,SUMo,1122204.0,261.0,True,True,True,2403.904652799999
1615.82,2,24,-192,64,malla,,False,4,LPo,875012.0,262.0,True,False,True,-2519.0970616000013
1617.68,2,24,-192,128,malla,,False,0,PGAgain,1002338.0,285.0,True,True,True,16.689356599999314
1618.04,2,24,-192,128,malla,,False,1,BPo,986200.0,252.0,True,True,True,-304.7102099999991
1618.4,2,24,-192,128,malla,,False,2,OPA_SUMo,1128000.0,250.0,True,False,True,2519.3360500000003
1618.76,2,24,-192,128,malla,,False,3,SUMo,1128000.0,264.0,True,False,True,2519.3360500000003
1619.12,2,24,-192,128,malla,,False,4,LPo,875000.0,244.0,True,False,True,-2519.3360500000003
1620.98,2,24,-192,255,malla,,False,0,PGAgain,1002254.0,248.0,True,True,True,15.01643780000038
1621.34,2,24,-192,255,malla,,False,1,BPo,986132.0,246.0,True,True,True,-306.06447760000106
1621.7,2,24,-192,255,malla,,False,2,OPA_SUMo,1128000.0,292.0,True,False,True,2519.3360500000003
1622.06,2,24,-192,255,malla,,False,3,SUMo,1128000.0,297.0,True,False,True,2519.3360500000003
1622.42,2,24,-192,255,malla,,False,4,LPo,875000.0,256.0,True,False,True,-2519.3360500000003
1687.1,2,24,-255,0,referencia,,False,0,PGAgain,1002316.0,245.0,True,True,True,16.25121120000062
1687.46,2,24,-255,0,referencia,,False,1,BPo,980542.0,298.0,True,True,True,-417.39324059999944
1687.82,2,24,-255,0,referencia,,False,2,OPA_SUMo,1095316.0,282.0,True,True,True,1868.4113112000007
1688.18,2,24,-255,0,referencia,,False,3,SUMo,1097345.0,266.0,True,True,True,1908.8202665000006
1688.54,2,24,-255,0,referencia,,False,4,LPo,875000.0,276.0,True,False,True,-2519.3360500000003
1690.4,2,24,-255,-255,malla,,False,0,PGAgain,1002275.0,265.0,True,True,True,15.434667499999549
1690.76,2,24,-255,-255,malla,,False,1,BPo,980553.0,261.0,True,True,True,-417.1741679000001
1691.12,2,24,-255,-255,malla,,False,2,OPA_SUMo,906341.0,254.0,True,True,True,-1895.1580963
1691.48,2,24,-255,-255,malla,,False,3,SUMo,908357.0,258.0,True,True,True,-1855.0080451000006
1691.84,2,24,-255,-255,malla,,False,4,LPo,875033.0,284.0,True,False,True,-2518.6788318999998
1693.7,2,24,-255,-128,malla,,False,0,PGAgain,1002287.0,274.0,True,True,True,15.67365590000069
1694.06,2,24,-255,-128,malla,,False,1,BPo,980559.0,255.0,True,True,True,-417.05467370000065
1694.42,2,24,-255,-128,malla,,False,2,OPA_SUMo,1000444.0,277.0,True,True,True,-21.030979200000797
1694.78,2,24,-255,-128,malla,,False,3,SUMo,1002522.0,277.0,True,True,True,20.35384540000096
1695.14,2,24,-255,-128,malla,,False,4,LPo,875001.0,258.0,True,False,True,-2519.3161343000006
1697.0,2,24,-255,-64,malla,,False,0,PGAgain,1002309.0,265.0,True,True,True,16.111801299999385
1697.36,2,24,-255,-64,malla,,False,1,BPo,980505.0,267.0,True,True,True,-418.1301215000001
1697.72,2,24,-255,-64,malla,,False,2,OPA_SUMo,1047889.0,265.0,True,True,True,923.869407299998
1698.08,2,24,-255,-64,malla,,False,3,SUMo,1049898.0,263.0,True,True,True,963.8800485999983
1698.44,2,24,-255,-64,malla,,False,4,LPo,875000.0,269.0,True,False,True,-2519.3360500000003
1700.3,2,24,-255,0,malla,,False,0,PGAgain,1002250.0,277.0,True,True,True,14.936775
1700.66,2,24,-255,0,malla,,False,1,BPo,980532.0,276.0,True,True,True,-417.59239759999923
1701.02,2,24,-255,0,malla,,False,2,OPA_SUMo,1095316.0,274.0,True,True,True,1868.4113112000007
1701.38,2,24,-255,0,malla,,False,3,SUMo,1097291.0,274.0,True,True,True,1907.7448186999989
1701.74,2,24,-255,0,malla,,False,4,LPo,875031.0,268.0,True,False,True,-2518.718663300001
1703.6,2,24,-255,64,malla,,False,0,PGAgain,1002260.0,284.0,True,True,True,15.13593199999982
1703.96,2,24,-255,64,malla,,False,1,BPo,980531.0,270.0,True,True,True,-417.61231330000106
1704.32,2,24,-255,64,malla,,False,2,OPA_SUMo,1128000.0,253.0,True,False,True,2519.3360500000003
1704.68,2,24,-255,64,malla,,False,3,SUMo,1128000.0,246.0,True,False,True,2519.3360500000003
1705.04,2,24,-255,64,malla,,False,4,LPo,875000.0,252.0,True,False,True,-2519.3360500000003
1706.9,2,24,-255,128,malla,,False,0,PGAgain,1002248.0,261.0,True,True,True,14.896943600000943
1707.26,2,24,-255,128,malla,,False,1,BPo,980514.0,271.0,True,True,True,-417.9508801999998
1707.62,2,24,-255,128,malla,,False,2,OPA_SUMo,1128000.0,264.0,True,False,True,2519.3360500000003
1707.98,2,24,-255,128,malla,,False,3,SUMo,1128000.0,261.0,True,False,True,2519.3360500000003
1708.34,2,24,-255,128,malla,,False,4,LPo,875000.0,272.0,True,False,True,-2519.3360500000003
1710.2,2,24,-255,255,malla,,False,0,PGAgain,1002254.0,251.0,True,True,True,15.01643780000038
1710.56,2,24,-255,255,malla,,False,1,BPo,980574.0,252.0,True,True,True,-416.7559382000009
1710.92,2,24,-255,255,malla,,False,2,OPA_SUMo,1128000.0,269.0,True,False,True,2519.3360500000003
1711.28,2,24,-255,255,malla,,False,3,SUMo,1128000.0,260.0,True,False,True,2519.3360500000003
1711.64,2,24,-255,255,malla,,False,4,LPo,875000.0,259.0,True,False,True,-2519.3360500000003
