sector,phi_deg,theta_deg,gamma_deg,rho_paso_mm,x_perfil_mm,y_perfil_mm,radio_perfil_mm,mu_deg
subida,0.000,-16.0000,194.2146,81.2865,-59.4114,-15.0441,61.2865,7.285
subida,0.500,-15.9998,193.7147,81.2874,-59.5524,-14.4801,61.2875,7.137
subida,1.000,-15.9990,193.2149,81.2902,-59.6912,-13.9103,61.2906,6.989
subida,1.500,-15.9978,192.7153,81.2948,-59.8264,-13.3398,61.2956,6.841
subida,2.000,-15.9960,192.2159,81.3012,-59.9582,-12.7685,61.3027,6.694
subida,2.500,-15.9938,191.7166,81.3095,-60.0864,-12.1965,61.3117,6.546
subida,3.000,-15.9911,191.2176,81.3196,-60.2111,-11.6238,61.3228,6.399
subida,3.500,-15.9879,190.7186,81.3316,-60.3323,-11.0504,61.3359,6.252
subida,4.000,-15.9842,190.2199,81.3453,-60.4500,-10.4763,61.3511,6.106
subida,4.500,-15.9800,189.7213,81.3610,-60.5641,-9.9015,61.3682,5.960
subida,5.000,-15.9753,189.2229,81.3784,-60.6748,-9.3260,61.3874,5.814
subida,5.500,-15.9701,188.7246,81.3977,-60.7820,-8.7499,61.4085,5.669
subida,6.000,-15.9644,188.2265,81.4189,-60.8856,-8.1730,61.4317,5.524
subida,6.500,-15.9583,187.7286,81.4418,-60.9858,-7.5955,61.4569,5.379
subida,7.000,-15.9516,187.2308,81.4666,-61.0824,-7.0173,61.4842,5.235
subida,7.500,-15.9444,186.7332,81.4933,-61.1755,-6.4384,61.5134,5.091
subida,8.000,-15.9368,186.2358,81.5218,-61.2651,-5.8589,61.5446,4.948
subida,8.500,-15.9286,185.7385,81.5521,-61.3512,-5.2787,61.5779,4.805
subida,9.000,-15.9200,185.2415,81.5843,-61.4338,-4.6979,61.6132,4.662
subida,9.500,-15.9109,184.7445,81.6183,-61.5129,-4.1165,61.6505,4.520
subida,10.000,-15.9012,184.2478,81.6541,-61.5884,-3.5344,61.6897,4.378
subida,10.500,-15.8911,183.7512,81.6918,-61.6604,-2.9516,61.7310,4.237
subida,11.000,-15.8805,183.2548,81.7313,-61.7289,-2.3683,61.7744,4.096
subida,11.500,-15.8694,182.7585,81.7727,-61.7939,-1.7843,61.8197,3.956
subida,12.000,-15.8578,182.2624,81.8158,-61.8554,-1.1997,61.8670,3.816
subida,12.500,-15.8457,181.7665,81.8609,-61.9133,-0.6145,61.9163,3.677
subida,13.000,-15.8331,181.2708,81.9077,-61.9676,-0.0287,61.9676,3.539
subida,13.500,-15.8200,180.7752,81.9564,-62.0185,0.5576,62.0210,3.400
subida,14.000,-15.8064,180.2798,82.0070,-62.0657,1.1446,62.0763,3.263
subida,14.500,-15.7923,179.7845,82.0593,-62.1095,1.7322,62.1336,3.126
subida,15.000,-15.7778,179.2895,82.1135,-62.1496,2.3204,62.1929,2.989
subida,15.500,-15.7627,178.7946,82.1696,-62.1863,2.9091,62.2543,2.853
subida,16.000,-15.7472,178.2999,82.2275,-62.2193,3.4984,62.3176,2.718
subida,16.500,-15.7311,177.8053,82.2872,-62.2488,4.0883,62.3829,2.583
subida,17.000,-15.7146,177.3109,82.3487,-62.2747,4.6787,62.4502,2.449
subida,17.500,-15.6975,176.8167,82.4121,-62.2970,5.2697,62.5194,2.316
subida,18.000,-15.6800,176.3227,82.4773,-62.3157,5.8612,62.5907,2.183
subida,18.500,-15.6620,175.8288,82.5444,-62.3308,6.4533,62.6640,2.051
subida,19.000,-15.6435,175.3351,82.6133,-62.3423,7.0459,62.7392,1.919
subida,19.500,-15.6244,174.8416,82.6840,-62.3502,7.6390,62.8164,1.789
subida,20.000,-15.6049,174.3482,82.7566,-62.3544,8.2327,62.8956,1.658
subida,20.500,-15.5849,173.8551,82.8310,-62.3551,8.8269,62.9767,1.529
subida,21.000,-15.5644,173.3621,82.9072,-62.3521,9.4215,63.0599,1.400
subida,21.500,-15.5435,172.8692,82.9853,-62.3454,10.0167,63.1450,1.272
subida,22.000,-15.5220,172.3766,83.0652,-62.3351,10.6124,63.2321,1.144
subida,22.500,-15.5000,171.8841,83.1469,-62.3212,11.2086,63.3211,1.018
subida,23.000,-15.4775,171.3918,83.2305,-62.3035,11.8053,63.4121,0.892
subida,23.500,-15.4546,170.8997,83.3159,-62.2822,12.4024,63.5051,0.766
subida,24.000,-15.4311,170.4078,83.4031,-62.2572,13.0000,63.6000,0.642
subida,24.500,-15.4072,169.9160,83.4922,-62.2285,13.5981,63.6969,0.518
subida,25.000,-15.3827,169.4244,83.5831,-62.1960,14.1966,63.7957,0.395
subida,25.500,-15.3578,168.9330,83.6758,-62.1599,14.7956,63.8965,0.273
subida,26.000,-15.3323,168.4418,83.7704,-62.1200,15.3950,63.9992,0.152
subida,26.500,-15.3064,167.9507,83.8668,-62.0763,15.9949,64.1039,0.031
subida,27.000,-15.2800,167.4598,83.9650,-62.0290,16.5951,64.2105,0.089
subida,27.500,-15.2531,166.9692,84.0651,-61.9778,17.1958,64.3191,0.208
subida,28.000,-15.2257,166.4787,84.1670,-61.9229,17.7969,64.4296,0.326
subida,28.500,-15.1978,165.9883,84.2707,-61.8641,18.3984,64.5420,0.444
subida,29.000,-15.1694,165.4982,84.3763,-61.8016,19.0003,64.6564,0.560
subida,29.500,-15.1405,165.0082,84.4837,-61.7352,19.6026,64.7727,0.676
subida,30.000,-15.1111,164.5184,84.5929,-61.6651,20.2052,64.8909,0.791
subida,30.500,-15.0812,164.0288,84.7039,-61.5910,20.8082,65.0111,0.905
subida,31.000,-15.0509,163.5394,84.8168,-61.5132,21.4116,65.1332,1.019
subida,31.500,-15.0200,163.0502,84.9315,-61.4314,22.0153,65.2571,1.131
subida,32.000,-14.9886,162.5612,85.0481,-61.3458,22.6193,65.3831,1.243
subida,32.500,-14.9568,162.0723,85.1664,-61.2563,23.2237,65.5109,1.353
subida,33.000,-14.9244,161.5836,85.2866,-61.1629,23.8284,65.6406,1.463
subida,33.500,-14.8916,161.0951,85.4087,-61.0655,24.4334,65.7723,1.572
subida,34.000,-14.8583,160.6069,85.5325,-60.9643,25.0386,65.9058,1.680
subida,34.500,-14.8244,160.1187,85.6582,-60.8590,25.6442,66.0413,1.787
subida,35.000,-14.7901,159.6308,85.7857,-60.7499,26.2500,66.1786,1.894
subida,35.500,-14.7553,159.1431,85.9151,-60.6367,26.8561,66.3179,1.999
subida,36.000,-14.7200,158.6556,86.0462,-60.5195,27.4624,66.4590,2.103
subida,36.500,-14.6842,158.1682,86.1792,-60.3983,28.0690,66.6020,2.207
subida,37.000,-14.6479,157.6811,86.3141,-60.2732,28.6758,66.7469,2.310
subida,37.500,-14.6111,157.1941,86.4507,-60.1439,29.2828,66.8938,2.411
subida,38.000,-14.5738,156.7073,86.5892,-60.0106,29.8900,67.0424,2.512
subida,38.500,-14.5360,156.2207,86.7295,-59.8733,30.4974,67.1930,2.612
subida,39.000,-14.4978,155.7343,86.8716,-59.7318,31.1049,67.3454,2.711
subida,39.500,-14.4590,155.2481,87.0155,-59.5863,31.7127,67.4998,2.809
subida,40.000,-14.4198,154.7621,87.1613,-59.4366,32.3205,67.6560,2.906
subida,40.500,-14.3800,154.2763,87.3089,-59.2828,32.9285,67.8140,3.002
subida,41.000,-14.3398,153.7907,87.4583,-59.1249,33.5366,67.9739,3.097
subida,41.500,-14.2990,153.3053,87.6096,-58.9628,34.1448,68.1357,3.192
subida,42.000,-14.2578,152.8201,87.7627,-58.7965,34.7531,68.2994,3.285
subida,42.500,-14.2160,152.3351,87.9175,-58.6260,35.3615,68.4649,3.377
subida,43.000,-14.1738,151.8503,88.0743,-58.4513,35.9699,68.6322,3.469
subida,43.500,-14.1311,151.3656,88.2328,-58.2723,36.5783,68.8014,3.559
subida,44.000,-14.0879,150.8812,88.3931,-58.0891,37.1868,68.9725,3.648
subida,44.500,-14.0442,150.3970,88.5553,-57.9017,37.7953,69.1454,3.737
subida,45.000,-14.0000,149.9130,88.7193,-57.7099,38.4038,69.3201,3.824
subida,45.500,-13.9553,149.4292,88.8851,-57.5138,39.0122,69.4967,3.911
subida,46.000,-13.9101,148.9456,89.0528,-57.3135,39.6206,69.6752,3.997
subida,46.500,-13.8644,148.4621,89.2222,-57.1088,40.2289,69.8554,4.081
subida,47.000,-13.8183,147.9789,89.3935,-56.8997,40.8372,70.0375,4.165
subida,47.500,-13.7716,147.4959,89.5666,-56.6863,41.4454,70.2214,4.247
subida,48.000,-13.7244,147.0131,89.7415,-56.4684,42.0534,70.4072,4.329
subida,48.500,-13.6768,146.5305,89.9182,-56.2462,42.6613,70.5948,4.410
subida,49.000,-13.6286,146.0481,90.0968,-56.0195,43.2690,70.7842,4.489
subida,49.500,-13.5800,145.5660,90.2771,-55.7884,43.8766,70.9754,4.568
subida,50.000,-13.5309,145.0840,90.4593,-55.5529,44.4840,71.1684,4.646
subida,50.500,-13.4812,144.6022,90.6433,-55.3128,45.0911,71.3633,4.723
subida,51.000,-13.4311,144.1207,90.8291,-55.0683,45.6980,71.5600,4.798
subida,51.500,-13.3805,143.6393,91.0167,-54.8192,46.3047,71.7584,4.873
subida,52.000,-13.3294,143.1582,91.2061,-54.5657,46.9110,71.9587,4.947
subida,52.500,-13.2778,142.6772,91.3974,-54.3075,47.5171,72.1608,5.019
subida,53.000,-13.2257,142.1965,91.5905,-54.0448,48.1228,72.3647,5.091
subida,53.500,-13.1731,141.7160,91.7853,-53.7775,48.7282,72.5704,5.162
subida,54.000,-13.1200,141.2357,91.9820,-53.5056,49.3332,72.7779,5.232
subida,54.500,-13.0664,140.7556,92.1805,-53.2291,49.9379,72.9872,5.301
subida,55.000,-13.0123,140.2758,92.3808,-52.9479,50.5421,73.1982,5.368
subida,55.500,-12.9578,139.7961,92.5829,-52.6621,51.1458,73.4111,5.435
subida,56.000,-12.9027,139.3167,92.7868,-52.3716,51.7491,73.6258,5.501
subida,56.500,-12.8472,138.8375,92.9926,-52.0764,52.3519,73.8422,5.566
subida,57.000,-12.7911,138.3584,93.2001,-51.7765,52.9542,74.0604,5.630
subida,57.500,-12.7346,137.8797,93.4095,-51.4719,53.5559,74.2805,5.692
subida,58.000,-12.6775,137.4011,93.6206,-51.1625,54.1570,74.5022,5.754
subida,58.500,-12.6200,136.9227,93.8336,-50.8483,54.7576,74.7258,5.815
subida,59.000,-12.5620,136.4446,94.0483,-50.5294,55.3575,74.9512,5.875
subida,59.500,-12.5035,135.9667,94.2649,-50.2056,55.9568,75.1783,5.934
subida,60.000,-12.4444,135.4890,94.4833,-49.8771,56.5554,75.4072,5.992
subida,60.500,-12.3849,135.0115,94.7035,-49.5437,57.1533,75.6378,6.049
subida,61.000,-12.3249,134.5342,94.9254,-49.2054,57.7505,75.8703,6.105
subida,61.500,-12.2644,134.0572,95.1492,-48.8623,58.3469,76.1044,6.159
subida,62.000,-12.2035,133.5804,95.3748,-48.5143,58.9425,76.3404,6.213
subida,62.500,-12.1420,133.1038,95.6022,-48.1614,59.5373,76.5781,6.266
subida,63.000,-12.0800,132.6274,95.8314,-47.8036,60.1312,76.8176,6.318
subida,63.500,-12.0175,132.1513,96.0623,-47.4408,60.7242,77.0588,6.369
subida,64.000,-11.9546,131.6753,96.2951,-47.0731,61.3164,77.3018,6.419
subida,64.500,-11.8911,131.1997,96.5297,-46.7004,61.9076,77.5466,6.468
subida,65.000,-11.8272,130.7242,96.7661,-46.3227,62.4978,77.7930,6.516
subida,65.500,-11.7627,130.2489,97.0043,-45.9400,63.0869,78.0413,6.564
subida,66.000,-11.6978,129.7739,97.2442,-45.5522,63.6751,78.2913,6.610
subida,66.500,-11.6323,129.2991,97.4860,-45.1595,64.2622,78.5430,6.655
subida,67.000,-11.5664,128.8246,97.7296,-44.7617,64.8481,78.7965,6.699
subida,67.500,-11.5000,128.3502,97.9749,-44.3588,65.4330,79.0517,6.742
subida,68.000,-11.4331,127.8761,98.2221,-43.9508,66.0166,79.3087,6.784
subida,68.500,-11.3657,127.4023,98.4710,-43.5378,66.5990,79.5674,6.826
subida,69.000,-11.2978,126.9286,98.7217,-43.1196,67.1802,79.8278,6.866
subida,69.500,-11.2294,126.4552,98.9742,-42.6963,67.7601,80.0900,6.905
subida,70.000,-11.1605,125.9820,99.2285,-42.2678,68.3387,80.3539,6.944
subida,70.500,-11.0911,125.5091,99.4846,-41.8342,68.9160,80.6196,6.981
subida,71.000,-11.0212,125.0363,99.7425,-41.3954,69.4918,80.8869,7.018
subida,71.500,-10.9509,124.5639,100.0022,-40.9515,70.0662,81.1560,7.053
subida,72.000,-10.8800,124.0916,100.2637,-40.5023,70.6392,81.4269,7.088
subida,72.500,-10.8086,123.6196,100.5269,-40.0479,71.2107,81.6994,7.122
subida,73.000,-10.7368,123.1478,100.7919,-39.5883,71.7806,81.9737,7.154
subida,73.500,-10.6644,122.6762,101.0587,-39.1234,72.3489,82.2497,7.186
subida,74.000,-10.5916,122.2049,101.3273,-38.6533,72.9157,82.5274,7.217
subida,74.500,-10.5183,121.7338,101.5977,-38.1779,73.4807,82.8068,7.247
subida,75.000,-10.4444,121.2630,101.8698,-37.6973,74.0441,83.0880,7.276
subida,75.500,-10.3701,120.7924,102.1438,-37.2113,74.6058,83.3709,7.304
subida,76.000,-10.2953,120.3220,102.4195,-36.7200,75.1656,83.6555,7.331
subida,76.500,-10.2200,119.8519,102.6970,-36.2235,75.7237,83.9418,7.357
subida,77.000,-10.1442,119.3820,102.9762,-35.7216,76.2799,84.2298,7.383
subida,77.500,-10.0679,118.9123,103.2573,-35.2143,76.8342,84.5195,7.407
subida,78.000,-9.9911,118.4429,103.5401,-34.7018,77.3866,84.8109,7.431
subida,78.500,-9.9138,117.9738,103.8247,-34.1838,77.9369,85.1041,7.453
subida,79.000,-9.8360,117.5048,104.1111,-33.6605,78.4853,85.3989,7.475
subida,79.500,-9.7578,117.0361,104.3992,-33.1318,79.0316,85.6954,7.495
subida,80.000,-9.6790,116.5677,104.6891,-32.5978,79.5758,85.9937,7.515
subida,80.500,-9.5998,116.0995,104.9808,-32.0583,80.1178,86.2936,7.534
subida,81.000,-9.5200,115.6315,105.2742,-31.5134,80.6576,86.5953,7.552
subida,81.500,-9.4398,115.1638,105.5694,-30.9631,81.1952,86.8986,7.569
subida,82.000,-9.3590,114.6963,105.8664,-30.4074,81.7305,87.2037,7.586
subida,82.500,-9.2778,114.2290,106.1651,-29.8463,82.2634,87.5104,7.601
subida,83.000,-9.1960,113.7620,106.4657,-29.2797,82.7940,87.8189,7.616
subida,83.500,-9.1138,113.2953,106.7679,-28.7077,83.3222,88.1290,7.629
subida,84.000,-9.0311,112.8288,107.0720,-28.1302,83.8479,88.4408,7.642
subida,84.500,-8.9479,112.3625,107.3777,-27.5473,84.3710,88.7543,7.654
subida,85.000,-8.8642,111.8965,107.6853,-26.9590,84.8917,89.0695,7.665
subida,85.500,-8.7800,111.4307,107.9946,-26.3651,85.4097,89.3864,7.675
subida,86.000,-8.6953,110.9652,108.3057,-25.7658,85.9250,89.7050,7.684
subida,86.500,-8.6101,110.4999,108.6185,-25.1610,86.4376,90.0252,7.693
subida,87.000,-8.5244,110.0349,108.9331,-24.5507,86.9475,90.3472,7.700
subida,87.500,-8.4383,109.5701,109.2494,-23.9350,87.4546,90.6708,7.707
subida,88.000,-8.3516,109.1055,109.5675,-23.3137,87.9589,90.9961,7.713
subida,88.500,-8.2644,108.6412,109.8873,-22.6870,88.4602,91.3231,7.718
subida,89.000,-8.1768,108.1772,110.2089,-22.0548,88.9586,91.6517,7.722
subida,89.500,-8.0886,107.7134,110.5323,-21.4171,89.4540,91.9821,7.725
subida,90.000,-8.0000,107.2498,110.8573,-20.7739,89.9463,92.3141,7.728
subida,90.500,-7.9109,106.7865,111.1842,-20.1251,90.4356,92.6478,7.729
subida,91.000,-7.8212,106.3235,111.5128,-19.4709,90.9216,92.9831,7.730
subida,91.500,-7.7311,105.8607,111.8431,-18.8112,91.4045,93.3202,7.730
subida,92.000,-7.6405,105.3982,112.1751,-18.1460,91.8842,93.6589,7.729
subida,92.500,-7.5494,104.9359,112.5089,-17.4753,92.3605,93.9992,7.728
subida,93.000,-7.4578,104.4738,112.8445,-16.7992,92.8335,94.3413,7.725
subida,93.500,-7.3657,104.0120,113.1818,-16.1175,93.3031,94.6850,7.722
subida,94.000,-7.2731,103.5505,113.5208,-15.4303,93.7692,95.0303,7.718
subida,94.500,-7.1800,103.0892,113.8615,-14.7377,94.2319,95.3774,7.713
subida,95.000,-7.0864,102.6282,114.2040,-14.0395,94.6909,95.7261,7.707
subida,95.500,-6.9923,102.1674,114.5482,-13.3359,95.1464,96.0764,7.701
subida,96.000,-6.8978,101.7068,114.8942,-12.6268,95.5982,96.4284,7.693
subida,96.500,-6.8027,101.2466,115.2419,-11.9122,96.0462,96.7821,7.685
subida,97.000,-6.7072,100.7865,115.5913,-11.1922,96.4905,97.1374,7.676
subida,97.500,-6.6111,100.3268,115.9424,-10.4667,96.9309,97.4944,7.667
subida,98.000,-6.5146,99.8673,116.2953,-9.7357,97.3675,97.8530,7.656
subida,98.500,-6.4175,99.4080,116.6498,-8.9993,97.8002,98.2133,7.645
subida,99.000,-6.3200,98.9490,117.0062,-8.2575,98.2288,98.5753,7.633
subida,99.500,-6.2220,98.4902,117.3642,-7.5102,98.6534,98.9389,7.620
subida,100.000,-6.1235,98.0318,117.7239,-6.7575,99.0739,99.3041,7.607
subida,100.500,-6.0244,97.5735,118.0854,-5.9994,99.4903,99.6710,7.592
subida,101.000,-5.9249,97.1155,118.4486,-5.2359,99.9024,100.0395,7.577
subida,101.500,-5.8249,96.6578,118.8135,-4.4670,100.3103,100.4097,7.561
subida,102.000,-5.7244,96.2003,119.1801,-3.6927,100.7138,100.7815,7.545
subida,102.500,-5.6235,95.7431,119.5484,-2.9131,101.1130,101.1550,7.528
subida,103.000,-5.5220,95.2862,119.9184,-2.1280,101.5078,101.5301,7.509
subida,103.500,-5.4200,94.8295,120.2902,-1.3377,101.8980,101.9068,7.491
subida,104.000,-5.3175,94.3730,120.6636,-0.5420,102.2838,102.2852,7.471
subida,104.500,-5.2146,93.9168,121.0388,0.2591,102.6649,102.6652,7.451
subida,105.000,-5.1111,93.4609,121.4156,1.0654,103.0413,103.0469,7.430
subida,105.500,-5.0072,93.0052,121.7942,1.8770,103.4131,103.4301,7.408
subida,106.000,-4.9027,92.5498,122.1744,2.6939,103.7801,103.8150,7.385
subida,106.500,-4.7978,92.0947,122.5564,3.5161,104.1422,104.2016,7.362
subida,107.000,-4.6923,91.6398,122.9400,4.3435,104.4995,104.5897,7.338
subida,107.500,-4.5864,91.1851,123.3254,5.1761,104.8519,104.9795,7.314
subida,108.000,-4.4800,90.7308,123.7124,6.0139,105.1992,105.3710,7.288
subida,108.500,-4.3731,90.2766,124.1011,6.8570,105.5415,105.7640,7.262
subida,109.000,-4.2657,89.8228,124.4915,7.7052,105.8787,106.1587,7.235
subida,109.500,-4.1578,89.3692,124.8836,8.5585,106.2107,106.5550,7.208
subida,110.000,-4.0494,88.9159,125.2774,9.4170,106.5375,106.9529,7.179
subida,110.500,-3.9405,88.4628,125.6729,10.2806,106.8590,107.3524,7.151
subida,111.000,-3.8311,88.0100,126.0700,11.1493,107.1752,107.7535,7.121
subida,111.500,-3.7212,87.5574,126.4689,12.0230,107.4859,108.1563,7.091
subida,112.000,-3.6109,87.1051,126.8694,12.9018,107.7913,108.5606,7.060
subida,112.500,-3.5000,86.6531,127.2715,13.7856,108.0911,108.9666,7.028
subida,113.000,-3.3886,86.2013,127.6754,14.6745,108.3853,109.3742,6.996
subida,113.500,-3.2768,85.7498,128.0809,15.5682,108.6739,109.7834,6.962
subida,114.000,-3.1644,85.2985,128.4881,16.4670,108.9569,110.1942,6.929
subida,114.500,-3.0516,84.8476,128.8970,17.3706,109.2341,110.6066,6.894
subida,115.000,-2.9383,84.3968,129.3075,18.2792,109.5055,111.0206,6.859
subida,115.500,-2.8244,83.9464,129.7197,19.1926,109.7710,111.4362,6.823
subida,116.000,-2.7101,83.4962,130.1336,20.1109,110.0307,111.8534,6.787
subida,116.500,-2.5953,83.0462,130.5491,21.0339,110.2843,112.2722,6.750
subida,117.000,-2.4800,82.5965,130.9663,21.9618,110.5319,112.6926,6.712
subida,117.500,-2.3642,82.1471,131.3851,22.8944,110.7735,113.1146,6.674
subida,118.000,-2.2479,81.6980,131.8056,23.8317,111.0089,113.5382,6.635
subida,118.500,-2.1311,81.2491,132.2277,24.7737,111.2381,113.9634,6.595
subida,119.000,-2.0138,80.8004,132.6515,25.7204,111.4611,114.3902,6.555
subida,119.500,-1.8960,80.3521,133.0769,26.6717,111.6777,114.8185,6.514
subida,120.000,-1.7778,79.9040,133.5040,27.6276,111.8880,115.2485,6.472
subida,120.500,-1.6590,79.4561,133.9327,28.5881,112.0918,115.6800,6.430
subida,121.000,-1.5398,79.0085,134.3631,29.5531,112.2892,116.1131,6.387
subida,121.500,-1.4200,78.5612,134.7950,30.5226,112.4800,116.5478,6.343
subida,122.000,-1.2998,78.1142,135.2287,31.4965,112.6642,116.9840,6.299
subida,122.500,-1.1790,77.6674,135.6639,32.4748,112.8418,117.4219,6.254
subida,123.000,-1.0578,77.2209,136.1008,33.4576,113.0127,117.8613,6.209
subida,123.500,-0.9360,76.7746,136.5394,34.4447,113.1768,118.3022,6.163
subida,124.000,-0.8138,76.3286,136.9795,35.4361,113.3341,118.7448,6.116
subida,124.500,-0.6911,75.8829,137.4213,36.4317,113.4845,119.1889,6.069
subida,125.000,-0.5679,75.4374,137.8647,37.4316,113.6279,119.6346,6.021
subida,125.500,-0.4442,74.9922,138.3097,38.4357,113.7644,120.0818,5.973
subida,126.000,-0.3200,74.5473,138.7563,39.4439,113.8939,120.5306,5.923
subida,126.500,-0.1953,74.1026,139.2045,40.4562,114.0162,120.9810,5.874
subida,127.000,-0.0701,73.6582,139.6544,41.4726,114.1314,121.4329,5.823
subida,127.500,0.0556,73.2140,140.1058,42.4930,114.2394,121.8864,5.772
subida,128.000,0.1817,72.7702,140.5589,43.5174,114.3401,122.3414,5.721
subida,128.500,0.3084,72.3265,141.0136,44.5457,114.4335,122.7980,5.669
subida,129.000,0.4356,71.8832,141.4699,45.5779,114.5195,123.2561,5.616
subida,129.500,0.5632,71.4401,141.9277,46.6140,114.5981,123.7158,5.563
subida,130.000,0.6914,70.9973,142.3872,47.6538,114.6692,124.1770,5.509
subida,130.500,0.8200,70.5547,142.8483,48.6974,114.7328,124.6397,5.454
subida,131.000,0.9491,70.1124,143.3109,49.7447,114.7888,125.1040,5.399
subida,131.500,1.0788,69.6704,143.7752,50.7957,114.8372,125.5699,5.344
subida,132.000,1.2089,69.2286,144.2410,51.8503,114.8779,126.0372,5.287
subida,132.500,1.3395,68.7872,144.7084,52.9084,114.9108,126.5061,5.231
subida,133.000,1.4706,68.3459,145.1774,53.9700,114.9360,126.9766,5.173
subida,133.500,1.6022,67.9050,145.6479,55.0351,114.9533,127.4485,5.115
subida,134.000,1.7343,67.4643,146.1201,56.1036,114.9627,127.9220,5.057
subida,134.500,1.8669,67.0238,146.5938,57.1754,114.9642,128.3970,4.998
subida,135.000,2.0000,66.5836,147.0691,58.2506,114.9576,128.8735,4.938
subida,135.500,2.1336,66.1437,147.5459,59.3290,114.9430,129.3516,4.878
subida,136.000,2.2677,65.7041,148.0243,60.4105,114.9203,129.8311,4.817
subida,136.500,2.4022,65.2647,148.5043,61.4953,114.8895,130.3122,4.756
subida,137.000,2.5373,64.8256,148.9858,62.5831,114.8505,130.7948,4.694
subida,137.500,2.6728,64.3868,149.4689,63.6739,114.8032,131.2788,4.632
subida,138.000,2.8089,63.9482,149.9536,64.7677,114.7476,131.7644,4.569
subida,138.500,2.9454,63.5099,150.4397,65.8644,114.6836,132.2515,4.505
subida,139.000,3.0825,63.0719,150.9275,66.9640,114.6113,132.7401,4.441
subida,139.500,3.2200,62.6341,151.4167,68.0664,114.5306,133.2302,4.376
subida,140.000,3.3580,62.1966,151.9076,69.1715,114.4413,133.7218,4.311
subida,140.500,3.4965,61.7593,152.3999,70.2793,114.3435,134.2148,4.246
subida,141.000,3.6356,61.3223,152.8938,71.3897,114.2372,134.7094,4.179
subida,141.500,3.7751,60.8856,153.3892,72.5027,114.1222,135.2054,4.113
subida,142.000,3.9151,60.4492,153.8861,73.6182,113.9985,135.7030,4.045
subida,142.500,4.0556,60.0130,154.3846,74.7361,113.8661,136.2020,3.978
subida,143.000,4.1965,59.5771,154.8846,75.8564,113.7250,136.7025,3.909
subida,143.500,4.3380,59.1414,155.3861,76.9790,113.5750,137.2044,3.840
subida,144.000,4.4800,58.7060,155.8891,78.1038,113.4162,137.7079,3.771
subida,144.500,4.6225,58.2709,156.3936,79.2309,113.2486,138.2128,3.701
subida,145.000,4.7654,57.8360,156.8996,80.3600,113.0719,138.7191,3.631
subida,145.500,4.9089,57.4015,157.4072,81.4912,112.8863,139.2269,3.560
subida,146.000,5.0528,56.9671,157.9162,82.6244,112.6917,139.7362,3.488
subida,146.500,5.1973,56.5331,158.4268,83.7595,112.4880,140.2470,3.416
subida,147.000,5.3422,56.0993,158.9388,84.8965,112.2752,140.7592,3.344
subida,147.500,5.4877,55.6658,159.4523,86.0353,112.0533,141.2728,3.271
subida,148.000,5.6336,55.2325,159.9673,87.1757,111.8222,141.7879,3.197
subida,148.500,5.7800,54.7995,160.4838,88.3179,111.5819,142.3044,3.123
subida,149.000,5.9269,54.3668,161.0018,89.4616,111.3323,142.8224,3.049
subida,149.500,6.0743,53.9343,161.5212,90.6068,111.0734,143.3418,2.974
subida,150.000,6.2222,53.5021,162.0422,91.7534,110.8051,143.8627,2.898
subida,150.500,6.3706,53.0702,162.5646,92.9015,110.5275,144.3850,2.822
subida,151.000,6.5195,52.6385,163.0884,94.0508,110.2405,144.9087,2.745
subida,151.500,6.6689,52.2071,163.6137,95.2013,109.9441,145.4338,2.668
subida,152.000,6.8188,51.7760,164.1405,96.3530,109.6381,145.9604,2.591
subida,152.500,6.9691,51.3451,164.6688,97.5058,109.3227,146.4883,2.513
subida,153.000,7.1200,50.9145,165.1984,98.6596,108.9977,147.0177,2.434
subida,153.500,7.2714,50.4842,165.7296,99.8143,108.6631,147.5485,2.355
subida,154.000,7.4232,50.0541,166.2622,100.9699,108.3188,148.0807,2.276
subida,154.500,7.5756,49.6243,166.7962,102.1263,107.9650,148.6143,2.196
subida,155.000,7.7284,49.1948,167.3316,103.2834,107.6014,149.1493,2.116
subida,155.500,7.8817,48.7655,167.8685,104.4411,107.2282,149.6857,2.035
subida,156.000,8.0356,48.3365,168.4069,105.5993,106.8452,150.2235,1.953
subida,156.500,8.1899,47.9078,168.9466,106.7581,106.4524,150.7627,1.871
subida,157.000,8.3447,47.4793,169.4878,107.9172,106.0498,151.3033,1.789
subida,157.500,8.5000,47.0511,170.0303,109.0767,105.6374,151.8452,1.706
subida,158.000,8.6558,46.6232,170.5743,110.2364,105.2151,152.3886,1.623
subida,158.500,8.8121,46.1955,171.1197,111.3962,104.7830,152.9333,1.539
subida,159.000,8.9689,45.7681,171.6666,112.5562,104.3409,153.4794,1.455
subida,159.500,9.1262,45.3410,172.2148,113.7162,103.8889,154.0268,1.370
subida,160.000,9.2840,44.9141,172.7644,114.8761,103.4269,154.5756,1.285
subida,160.500,9.4422,44.4875,173.3154,116.0358,102.9549,155.1258,1.199
subida,161.000,9.6010,44.0611,173.8678,117.1953,102.4729,155.6773,1.113
subida,161.500,9.7602,43.6350,174.4215,118.3545,101.9808,156.2302,1.026
subida,162.000,9.9200,43.2092,174.9767,119.5133,101.4787,156.7844,0.939
subida,162.500,10.0802,42.7837,175.5332,120.6716,100.9665,157.3400,0.852
subida,163.000,10.2410,42.3584,176.0911,121.8293,100.4442,157.8969,0.764
subida,163.500,10.4022,41.9334,176.6504,122.9864,99.9118,158.4552,0.675
subida,164.000,10.5640,41.5086,177.2110,124.1428,99.3693,159.0147,0.587
subida,164.500,10.7262,41.0841,177.7730,125.2984,98.8165,159.5756,0.497
subida,165.000,10.8889,40.6599,178.3364,126.4530,98.2536,160.1379,0.407
subida,165.500,11.0521,40.2359,178.9011,127.6067,97.6805,160.7014,0.317
subida,166.000,11.2158,39.8122,179.4671,128.7593,97.0971,161.2663,0.227
subida,166.500,11.3800,39.3888,180.0345,129.9108,96.5035,161.8325,0.135
subida,167.000,11.5447,38.9657,180.6032,131.0610,95.8997,162.3999,0.044
subida,167.500,11.7099,38.5428,181.1733,132.2099,95.2856,162.9687,0.048
subida,168.000,11.8756,38.1201,181.7447,133.3574,94.6612,163.5388,0.141
subida,168.500,12.0417,37.6978,182.3174,134.5034,94.0265,164.1102,0.234
subida,169.000,12.2084,37.2757,182.8914,135.6478,93.3816,164.6829,0.327
subida,169.500,12.3756,36.8538,183.4667,136.7906,92.7262,165.2568,0.421
subida,170.000,12.5432,36.4322,184.0434,137.9315,92.0606,165.8320,0.515
subida,170.500,12.7114,36.0109,184.6213,139.0707,91.3846,166.4086,0.610
subida,171.000,12.8800,35.5899,185.2006,140.2079,90.6983,166.9863,0.705
subida,171.500,13.0491,35.1691,185.7811,141.3431,90.0016,167.5654,0.801
subida,172.000,13.2188,34.7486,186.3629,142.4762,89.2946,168.1457,0.897
subida,172.500,13.3889,34.3284,186.9461,143.6070,88.5771,168.7273,0.993
subida,173.000,13.5595,33.9084,187.5305,144.7356,87.8493,169.3101,1.090
subida,173.500,13.7306,33.4886,188.1161,145.8618,87.1111,169.8941,1.187
subida,174.000,13.9022,33.0692,188.7031,146.9856,86.3625,170.4795,1.285
subida,174.500,14.0743,32.6500,189.2913,148.1068,85.6035,171.0660,1.383
subida,175.000,14.2469,32.2311,189.8808,149.2253,84.8342,171.6538,1.482
subida,175.500,14.4200,31.8124,190.4715,150.3411,84.0544,172.2428,1.581
subida,176.000,14.5936,31.3940,191.0635,151.4541,83.2642,172.8331,1.680
subida,176.500,14.7677,30.9759,191.6567,152.5641,82.4636,173.4245,1.780
subida,177.000,14.9422,30.5580,192.2512,153.6712,81.6526,174.0172,1.881
subida,177.500,15.1173,30.1404,192.8469,154.7751,80.8312,174.6111,1.981
subida,178.000,15.2928,29.7231,193.4438,155.8759,79.9994,175.2062,2.082
subida,178.500,15.4689,29.3060,194.0420,156.9734,79.1572,175.8025,2.184
subida,179.000,15.6454,28.8892,194.6413,158.0675,78.3046,176.3999,2.286
subida,179.500,15.8225,28.4726,195.2419,159.1581,77.4416,176.9986,2.388
subida,180.000,16.0000,28.0564,195.8437,160.2437,76.5695,177.5977,2.491
caida,,,27.7564,73.2865,47.1552,24.8162,53.2865,
caida,,,26.6799,73.2865,47.6130,23.9260,53.2865,
caida,,,25.6035,73.2865,48.0541,23.0273,53.2865,
caida,,,24.5271,73.2865,48.4782,22.1205,53.2865,
caida,,,23.4506,73.2865,48.8852,21.2058,53.2865,
caida,,,22.3742,73.2865,49.2750,20.2837,53.2865,
caida,,,21.2978,73.2865,49.6473,19.3545,53.2865,
caida,,,20.2214,73.2865,50.0022,18.4184,53.2865,
caida,,,19.1449,73.2865,50.3393,17.4758,53.2865,
caida,,,18.0685,73.2865,50.6588,16.5270,53.2865,
caida,,,16.9921,73.2865,50.9603,15.5724,53.2865,
caida,,,15.9156,73.2865,51.2439,14.6123,53.2865,
caida,,,14.8392,73.2865,51.5093,13.6471,53.2865,
caida,,,13.7628,73.2865,51.7566,12.6770,53.2865,
caida,,,12.6864,73.2865,51.9856,11.7025,53.2865,
caida,,,11.6099,73.2865,52.1963,10.7238,53.2865,
caida,,,10.5335,73.2865,52.3885,9.7413,53.2865,
caida,,,9.4571,73.2865,52.5623,8.7554,53.2865,
caida,,,8.3806,73.2865,52.7175,7.7665,53.2865,
caida,,,7.3042,73.2865,52.8541,6.7747,53.2865,
caida,,,6.2278,73.2865,52.9720,5.7806,53.2865,
caida,,,5.1514,73.2865,53.0713,4.7844,53.2865,
caida,,,4.0749,73.2865,53.1518,3.7866,53.2865,
caida,,,2.9985,73.2865,53.2136,2.7874,53.2865,
caida,,,1.9221,73.2865,53.2565,1.7872,53.2865,
caida,,,0.8457,73.2865,53.2807,0.7864,53.2865,
caida,,,359.7692,73.2865,53.2861,-0.2146,53.2865,
caida,,,358.6928,73.2865,53.2727,-1.2156,53.2865,
caida,,,357.6164,73.2865,53.2404,-2.2162,53.2865,
caida,,,356.5399,73.2865,53.1894,-3.2160,53.2865,
caida,,,355.4635,73.2865,53.1196,-4.2146,53.2865,
caida,,,354.3871,73.2865,53.0310,-5.2118,53.2865,
caida,,,353.3107,73.2865,52.9238,-6.2071,53.2865,
caida,,,352.2342,73.2865,52.7978,-7.2003,53.2865,
caida,,,351.1578,73.2865,52.6532,-8.1909,53.2865,
caida,,,350.0814,73.2865,52.4901,-9.1786,53.2865,
caida,,,349.0049,73.2865,52.3084,-10.1630,53.2865,
caida,,,347.9285,73.2865,52.1082,-11.1439,53.2865,
caida,,,346.8521,73.2865,51.8897,-12.1209,53.2865,
caida,,,345.7757,73.2865,51.6528,-13.0935,53.2865,
caida,,,344.6992,73.2865,51.3977,-14.0616,53.2865,
caida,,,343.6228,73.2865,51.1245,-15.0246,53.2865,
caida,,,342.5464,73.2865,50.8332,-15.9824,53.2865,
caida,,,341.4699,73.2865,50.5240,-16.9346,53.2865,
caida,,,340.3935,73.2865,50.1969,-17.8807,53.2865,
caida,,,339.3171,73.2865,49.8522,-18.8206,53.2865,
caida,,,338.2407,73.2865,49.4898,-19.7538,53.2865,
caida,,,337.1642,73.2865,49.1100,-20.6800,53.2865,
caida,,,336.0878,73.2865,48.7128,-21.5990,53.2865,
caida,,,335.0114,73.2865,48.2985,-22.5103,53.2865,
caida,,,333.9349,73.2865,47.8671,-23.4136,53.2865,
caida,,,332.8585,73.2865,47.4188,-24.3087,53.2865,
caida,,,331.7821,73.2865,46.9537,-25.1953,53.2865,
caida,,,330.7057,73.2865,46.4721,-26.0729,53.2865,
caida,,,329.6292,73.2865,45.9741,-26.9413,53.2865,
caida,,,328.5528,73.2865,45.4599,-27.8002,53.2865,
caida,,,327.4764,73.2865,44.9296,-28.6494,53.2865,
caida,,,326.4000,73.2865,44.3834,-29.4883,53.2865,
caida,,,325.3235,73.2865,43.8216,-30.3169,53.2865,
caida,,,324.2471,73.2865,43.2444,-31.1348,53.2865,
caida,,,323.1707,73.2865,42.6518,-31.9417,53.2865,
caida,,,322.0942,73.2865,42.0443,-32.7373,53.2865,
caida,,,321.0178,73.2865,41.4218,-33.5214,53.2865,
caida,,,319.9414,73.2865,40.7848,-34.2937,53.2865,
caida,,,318.8650,73.2865,40.1333,-35.0538,53.2865,
caida,,,317.7885,73.2865,39.4677,-35.8016,53.2865,
caida,,,316.7121,73.2865,38.7882,-36.5367,53.2865,
caida,,,315.6357,73.2865,38.0950,-37.2589,53.2865,
caida,,,314.5592,73.2865,37.3883,-37.9680,53.2865,
caida,,,313.4828,73.2865,36.6684,-38.6637,53.2865,
caida,,,312.4064,73.2865,35.9356,-39.3457,53.2865,
caida,,,311.3300,73.2865,35.1901,-40.0139,53.2865,
caida,,,310.2535,73.2865,34.4322,-40.6679,53.2865,
caida,,,309.1771,73.2865,33.6621,-41.3076,53.2865,
caida,,,308.1007,73.2865,32.8802,-41.9326,53.2865,
caida,,,307.0242,73.2865,32.0866,-42.5429,53.2865,
caida,,,305.9478,73.2865,31.2818,-43.1382,53.2865,
caida,,,304.8714,73.2865,30.4658,-43.7183,53.2865,
caida,,,303.7950,73.2865,29.6392,-44.2829,53.2865,
caida,,,302.7185,73.2865,28.8020,-44.8319,53.2865,
caida,,,301.6421,73.2865,27.9547,-45.3650,53.2865,
caida,,,300.5657,73.2865,27.0976,-45.8822,53.2865,
caida,,,299.4892,73.2865,26.2308,-46.3831,53.2865,
caida,,,298.4128,73.2865,25.3548,-46.8677,53.2865,
caida,,,297.3364,73.2865,24.4699,-47.3358,53.2865,
caida,,,296.2600,73.2865,23.5763,-47.7871,53.2865,
caida,,,295.1835,73.2865,22.6744,-48.2216,53.2865,
caida,,,294.1071,73.2865,21.7645,-48.6391,53.2865,
caida,,,293.0307,73.2865,20.8470,-49.0393,53.2865,
caida,,,291.9542,73.2865,19.9220,-49.4223,53.2865,
caida,,,290.8778,73.2865,18.9901,-49.7879,53.2865,
caida,,,289.8014,73.2865,18.0514,-50.1358,53.2865,
caida,,,288.7250,73.2865,17.1063,-50.4661,53.2865,
caida,,,287.6485,73.2865,16.1553,-50.7785,53.2865,
caida,,,286.5721,73.2865,15.1985,-51.0731,53.2865,
caida,,,285.4957,73.2865,14.2363,-51.3496,53.2865,
caida,,,284.4193,73.2865,13.2692,-51.6080,53.2865,
caida,,,283.3428,73.2865,12.2973,-51.8481,53.2865,
caida,,,282.2664,73.2865,11.3211,-52.0700,53.2865,
caida,,,281.1900,73.2865,10.3409,-52.2735,53.2865,
caida,,,280.1135,73.2865,9.3571,-52.4585,53.2865,
caida,,,279.0371,73.2865,8.3699,-52.6251,53.2865,
caida,,,277.9607,73.2865,7.3798,-52.7730,53.2865,
caida,,,276.8843,73.2865,6.3871,-52.9023,53.2865,
caida,,,275.8078,73.2865,5.3922,-53.0130,53.2865,
caida,,,274.7314,73.2865,4.3953,-53.1049,53.2865,
caida,,,273.6550,73.2865,3.3969,-53.1781,53.2865,
caida,,,272.5785,73.2865,2.3973,-53.2326,53.2865,
caida,,,271.5021,73.2865,1.3968,-53.2682,53.2865,
caida,,,270.4257,73.2865,0.3959,-53.2850,53.2865,
caida,,,269.3493,73.2865,-0.6052,-53.2831,53.2865,
caida,,,268.2728,73.2865,-1.6061,-53.2623,53.2865,
caida,,,267.1964,73.2865,-2.6064,-53.2227,53.2865,
caida,,,266.1200,73.2865,-3.6058,-53.1644,53.2865,
caida,,,265.0435,73.2865,-4.6039,-53.0873,53.2865,
caida,,,263.9671,73.2865,-5.6004,-52.9914,53.2865,
caida,,,262.8907,73.2865,-6.5949,-52.8768,53.2865,
caida,,,261.8143,73.2865,-7.5871,-52.7436,53.2865,
caida,,,260.7378,73.2865,-8.5766,-52.5918,53.2865,
caida,,,259.6614,73.2865,-9.5631,-52.4214,53.2865,
caida,,,258.5850,73.2865,-10.5462,-52.2325,53.2865,
caida,,,257.5085,73.2865,-11.5256,-52.0251,53.2865,
caida,,,256.4321,73.2865,-12.5009,-51.7994,53.2865,
caida,,,255.3557,73.2865,-13.4718,-51.5554,53.2865,
caida,,,254.2793,73.2865,-14.4379,-51.2933,53.2865,
caida,,,253.2028,73.2865,-15.3990,-51.0130,53.2865,
caida,,,252.1264,73.2865,-16.3546,-50.7147,53.2865,
caida,,,251.0500,73.2865,-17.3044,-50.3985,53.2865,
caida,,,249.9736,73.2865,-18.2482,-50.0645,53.2865,
caida,,,248.8971,73.2865,-19.1855,-49.7129,53.2865,
caida,,,247.8207,73.2865,-20.1160,-49.3437,53.2865,
caida,,,246.7443,73.2865,-21.0394,-48.9571,53.2865,
caida,,,245.6678,73.2865,-21.9554,-48.5532,53.2865,
caida,,,244.5914,73.2865,-22.8637,-48.1322,53.2865,
caida,,,243.5150,73.2865,-23.7639,-47.6942,53.2865,
caida,,,242.4386,73.2865,-24.6557,-47.2393,53.2865,
caida,,,241.3621,73.2865,-25.5387,-46.7678,53.2865,
caida,,,240.2857,73.2865,-26.4128,-46.2798,53.2865,
caida,,,239.2093,73.2865,-27.2776,-45.7754,53.2865,
caida,,,238.1328,73.2865,-28.1327,-45.2549,53.2865,
caida,,,237.0564,73.2865,-28.9779,-44.7184,53.2865,
caida,,,235.9800,73.2865,-29.8129,-44.1661,53.2865,
caida,,,234.9036,73.2865,-30.6373,-43.5983,53.2865,
caida,,,233.8271,73.2865,-31.4510,-43.0150,53.2865,
caida,,,232.7507,73.2865,-32.2535,-42.4166,53.2865,
caida,,,231.6743,73.2865,-33.0446,-41.8032,53.2865,
caida,,,230.5978,73.2865,-33.8241,-41.1750,53.2865,
caida,,,229.5214,73.2865,-34.5917,-40.5323,53.2865,
caida,,,228.4450,73.2865,-35.3470,-39.8753,53.2865,
caida,,,227.3686,73.2865,-36.0899,-39.2043,53.2865,
caida,,,226.2921,73.2865,-36.8200,-38.5193,53.2865,
caida,,,225.2157,73.2865,-37.5371,-37.8208,53.2865,
caida,,,224.1393,73.2865,-38.2410,-37.1090,53.2865,
caida,,,223.0628,73.2865,-38.9314,-36.3840,53.2865,
caida,,,221.9864,73.2865,-39.6081,-35.6463,53.2865,
caida,,,220.9100,73.2865,-40.2707,-34.8959,53.2865,
caida,,,219.8336,73.2865,-40.9192,-34.1332,53.2865,
caida,,,218.7571,73.2865,-41.5532,-33.3585,53.2865,
caida,,,217.6807,73.2865,-42.1725,-32.5719,53.2865,
caida,,,216.6043,73.2865,-42.7770,-31.7739,53.2865,
caida,,,215.5278,73.2865,-43.3663,-30.9647,53.2865,
caida,,,214.4514,73.2865,-43.9404,-30.1446,53.2865,
caida,,,213.3750,73.2865,-44.4989,-29.3138,53.2865,
caida,,,212.2986,73.2865,-45.0418,-28.4726,53.2865,
caida,,,211.2221,73.2865,-45.5687,-27.6215,53.2865,
caida,,,210.1457,73.2865,-46.0796,-26.7605,53.2865,
caida,,,209.0693,73.2865,-46.5742,-25.8902,53.2865,
caida,,,207.9929,73.2865,-47.0523,-25.0106,53.2865,
caida,,,206.9164,73.2865,-47.5139,-24.1223,53.2865,
caida,,,205.8400,73.2865,-47.9587,-23.2254,53.2865,
caida,,,204.7636,73.2865,-48.3865,-22.3204,53.2865,
caida,,,203.6871,73.2865,-48.7973,-21.4074,53.2865,
caida,,,202.6107,73.2865,-49.1908,-20.4870,53.2865,
caida,,,201.5343,73.2865,-49.5670,-19.5592,53.2865,
caida,,,200.4579,73.2865,-49.9257,-18.6246,53.2865,
caida,,,199.3814,73.2865,-50.2668,-17.6834,53.2865,
caida,,,198.3050,73.2865,-50.5901,-16.7360,53.2865,
caida,,,197.2286,73.2865,-50.8956,-15.7826,53.2865,
caida,,,196.1521,73.2865,-51.1831,-14.8237,53.2865,
caida,,,195.0757,73.2865,-51.4526,-13.8596,53.2865,
