t,estado,banda,obj,SEo,BP,OPAs,SUM,LP,SEo_ok,BP_ok,OPAs_ok,SUM_ok,LP_ok,I0,I1,I2,I3
2,,,,,,,,,,,,,,,,,
4,,,,,,,,,,,,,,,,,
6,1,0,,-39654,15869,29754,30174,-264797,1,1,1,1,0,0,0,0,0
8,1,0,,-39654,15869,29754,30174,-264797,1,1,1,1,0,0,0,0,0
10,1,0,,-39654,15869,29754,30174,-264797,1,1,1,1,0,0,0,0,0
12,1,0,,-41333,10127,56171,55942,-264930,1,1,1,1,0,0,0,0,0
14,1,0,,-41333,10127,56171,55942,-264930,1,1,1,1,0,0,0,0,0
16,1,0,,-41333,10127,56171,55942,-264930,1,1,1,1,0,0,0,0,0
18,1,0,,-41333,10127,56171,55942,-264930,1,1,1,1,0,0,0,0,0
20,1,0,,-41333,10127,56171,55942,-264930,1,1,1,1,0,0,0,0,0
22,1,0,,-41333,3910,72192,71830,-265045,1,1,1,1,0,0,0,0,0
24,1,0,,-41333,3910,72192,71830,-265045,1,1,1,1,0,0,0,0,0
26,1,0,,-41333,3910,72192,71830,-265045,1,1,1,1,0,0,0,0,0
28,1,0,,-41333,3910,72192,71830,-265045,1,1,1,1,0,0,0,0,0
30,1,0,,-41333,3910,72192,71830,-265045,1,1,1,1,0,0,0,0,0
32,1,0,,-39502,2365,81920,81519,-265121,1,1,1,1,0,0,0,0,0
34,1,0,,-39502,2365,81920,81519,-265121,1,1,1,1,0,0,0,0,0
36,1,0,,-39502,2365,81920,81519,-265121,1,1,1,1,0,0,0,0,0
38,1,0,,-39502,2365,81920,81519,-265121,1,1,1,1,0,0,0,0,0
40,1,0,,-39502,2365,81920,81519,-265121,1,1,1,1,0,0,0,0,0
42,1,0,,-40055,-363,90541,89988,-265007,1,1,1,1,0,0,0,0,0
44,1,0,,-40055,-363,90541,89988,-265007,1,1,1,1,0,0,0,0,0
46,1,0,,-40055,-363,90541,89988,-265007,1,1,1,1,0,0,0,0,0
48,1,0,,-40055,-363,90541,89988,-265007,1,1,1,1,0,0,0,0,0
50,1,0,,-40055,-363,90541,89988,-265007,1,1,1,1,0,0,0,0,0
52,1,0,,-40055,-363,90541,89988,-265007,1,1,1,1,0,0,0,0,0
54,1,0,,-41294,-878,95367,94909,-265178,1,1,1,1,0,0,0,0,0
56,1,0,,-41294,-878,95367,94909,-265178,1,1,1,1,0,0,0,0,0
58,1,0,,-41294,-878,95367,94909,-265178,1,1,1,1,0,0,0,0,0
60,1,0,,-41294,-878,95367,94909,-265178,1,1,1,1,0,0,0,0,0
62,1,0,,25672,-99220,57906,56190,-265693,1,0,1,1,0,27,16,0,0
64,1,0,,25672,-99220,57906,56190,-265693,1,0,1,1,0,27,16,0,0
66,1,0,,25672,-99220,57906,56190,-265693,1,0,1,1,0,27,16,0,0
68,1,0,,25672,-99220,57906,56190,-265693,1,0,1,1,0,27,16,0,0
70,1,0,,25672,-99220,57906,56190,-265693,1,0,1,1,0,27,16,0,0
72,1,1,,24452,-58041,-3071,-4120,-23442,1,1,1,1,1,27,16,0,0
74,1,1,,24452,-58041,-3071,-4120,-23442,1,1,1,1,1,27,16,0,0
76,1,0,,24452,-58041,-3071,-4120,-23442,1,1,1,1,1,27,16,0,0
78,1,0,,24452,-58041,-3071,-4120,-23442,1,1,1,1,1,27,16,0,0
80,1,0,,24452,-58041,-3071,-4120,-23442,1,1,1,1,1,27,16,0,0
82,2,0,,24757,-38071,-52376,-52491,112437,1,1,1,1,0,27,16,0,-2
84,2,0,,24757,-38071,-52376,-52491,112437,1,1,1,1,0,27,16,0,-2
86,2,0,,24757,-38071,-52376,-52491,112437,1,1,1,1,0,27,16,0,-2
88,2,0,,24757,-38071,-52376,-52491,112437,1,1,1,1,0,27,16,0,-2
90,2,0,,24757,-38071,-52376,-52491,112437,1,1,1,1,0,27,16,0,-2
92,2,0,,25501,-26818,-129967,-129185,112399,1,1,0,0,0,27,16,1,-6
94,2,0,,25501,-26818,-129967,-129185,112399,1,1,0,0,0,27,16,1,-6
96,2,0,,25501,-26818,-129967,-129185,112399,1,1,0,0,0,27,16,1,-6
98,2,0,,25501,-26818,-129967,-129185,112399,1,1,0,0,0,27,16,1,-6
100,2,0,,25501,-26818,-129967,-129185,112399,1,1,0,0,0,27,16,1,-6
102,2,0,,24261,-21458,-185585,-183868,112418,1,1,0,0,0,27,16,1,-14
104,2,0,,24261,-21458,-185585,-183868,112418,1,1,0,0,0,27,16,1,-14
106,2,0,,24261,-21458,-185585,-183868,112418,1,1,0,0,0,27,16,1,-14
108,2,0,,24261,-21458,-185585,-183868,112418,1,1,0,0,0,27,16,1,-14
110,2,0,,24261,-21458,-185585,-183868,112418,1,1,0,0,0,27,16,1,-14
112,2,0,,24261,-21458,-185585,-183868,112418,1,1,0,0,0,27,16,1,-14
114,2,0,,24127,-18063,-225677,-223312,112418,1,1,0,0,0,27,16,1,-30
116,2,0,,24127,-18063,-225677,-223312,112418,1,1,0,0,0,27,16,1,-30
118,2,0,,24127,-18063,-225677,-223312,112418,1,1,0,0,0,27,16,1,-30
120,2,0,,24127,-18063,-225677,-223312,112418,1,1,0,0,0,27,16,1,-30
122,2,0,,24127,-18063,-225677,-223312,112418,1,1,0,0,0,27,16,1,-30
124,2,0,,24051,-17071,-254440,-251922,112399,1,1,0,0,0,27,16,1,-62
126,2,0,,24051,-17071,-254440,-251922,112399,1,1,0,0,0,27,16,1,-62
128,2,0,,24051,-17071,-254440,-251922,112399,1,1,0,0,0,27,16,1,-62
130,2,0,,24051,-17071,-254440,-251922,112399,1,1,0,0,0,27,16,1,-62
132,2,0,,24051,-17071,-254440,-251922,112399,1,1,0,0,0,27,16,1,-62
134,2,0,,24604,-12398,-264835,-259685,112399,1,1,0,0,0,27,16,2,-126
136,2,0,,24604,-12398,-264835,-259685,112399,1,1,0,0,0,27,16,2,-126
138,2,0,,24604,-12398,-264835,-259685,112399,1,1,0,0,0,27,16,2,-126
140,2,0,,24604,-12398,-264835,-259685,112399,1,1,0,0,0,27,16,2,-126
142,2,0,,24604,-12398,-264835,-259685,112399,1,1,0,0,0,27,16,2,-126
144,2,0,,25119,-11101,-265636,-259723,112380,1,1,0,0,0,27,16,2,-190
146,2,0,,25119,-11101,-265636,-259723,112380,1,1,0,0,0,27,16,2,-190
148,2,0,,25119,-11101,-265636,-259723,112380,1,1,0,0,0,27,16,2,-190
150,2,0,,25119,-11101,-265636,-259723,112380,1,1,0,0,0,27,16,2,-190
152,2,0,,25119,-11101,-265636,-259723,112380,1,1,0,0,0,27,16,2,-190
154,2,0,,25691,-10663,-265731,-259857,112380,1,1,0,0,0,27,16,2,-254
156,2,0,,25691,-10663,-265731,-259857,112380,1,1,0,0,0,27,16,2,-254
158,2,0,,25691,-10663,-265731,-259857,112380,1,1,0,0,0,27,16,2,-254
160,2,0,,25691,-10663,-265731,-259857,112380,1,1,0,0,0,27,16,2,-254
162,2,0,,25691,-10663,-265731,-259857,112380,1,1,0,0,0,27,16,2,-254
164,2,0,,25520,-10624,-265235,-259838,112380,1,1,0,0,0,27,16,2,-254
166,2,0,,25520,-10624,-265235,-259838,112380,1,1,0,0,0,27,16,2,-254
168,2,0,,25520,-10624,-265235,-259838,112380,1,1,0,0,0,27,16,2,-254
170,2,0,,25520,-10624,-265235,-259838,112380,1,1,0,0,0,27,16,2,-254
172,2,0,,25520,-10624,-265235,-259838,112380,1,1,0,0,0,27,16,2,-254
174,2,0,,25615,-9881,-265769,-259857,112380,1,1,0,0,0,27,16,2,-254
176,2,0,,25615,-9881,-265769,-259857,112380,1,1,0,0,0,27,16,2,-254
178,2,0,,25615,-9881,-265769,-259857,112380,1,1,0,0,0,27,16,2,-254
180,2,0,,25615,-9881,-265769,-259857,112380,1,1,0,0,0,27,16,2,-254
182,2,0,,25615,-9881,-265769,-259857,112380,1,1,0,0,0,27,16,2,-254
184,2,0,,25672,-9003,-265750,-259895,112342,1,1,0,0,0,27,16,3,-254
186,2,0,,25672,-9003,-265750,-259895,112342,1,1,0,0,0,27,16,3,-254
188,2,0,,25672,-9003,-265750,-259895,112342,1,1,0,0,0,27,16,3,-254
190,2,0,,25672,-9003,-265750,-259895,112342,1,1,0,0,0,27,16,3,-254
192,2,0,,25672,-9003,-265750,-259895,112342,1,1,0,0,0,27,16,3,-254
194,2,0,,24433,-7630,-265808,-259876,112323,1,1,0,0,0,27,16,3,-254
196,2,0,,24433,-7630,-265808,-259876,112323,1,1,0,0,0,27,16,3,-254
198,2,0,,24433,-7630,-265808,-259876,112323,1,1,0,0,0,27,16,3,-254
200,2,0,,24433,-7630,-265808,-259876,112323,1,1,0,0,0,27,16,3,-254
202,2,0,,24433,-7630,-265808,-259876,112323,1,1,0,0,0,27,16,3,-254
204,2,0,,25253,-7592,-265846,-259876,112342,1,1,0,0,0,27,16,3,-254
206,2,0,,25253,-7592,-265846,-259876,112342,1,1,0,0,0,27,16,3,-254
208,2,0,,25253,-7592,-265846,-259876,112342,1,1,0,0,0,27,16,3,-254
210,2,0,,25253,-7592,-265846,-259876,112342,1,1,0,0,0,27,16,3,-254
212,2,0,,25253,-7592,-265846,-259876,112342,1,1,0,0,0,27,16,3,-254
214,1,0,,-40818,58936,-252800,-245552,113048,1,1,0,0,0,0,0,0,0
216,1,0,,-40818,58936,-252800,-245552,113048,1,1,0,0,0,0,0,0,0
218,1,0,,-40818,58936,-252800,-245552,113048,1,1,0,0,0,0,0,0,0
220,1,0,,-40818,58936,-252800,-245552,113048,1,1,0,0,0,0,0,0,0
222,1,0,,-40818,58936,-252800,-245552,113048,1,1,0,0,0,0,0,0,0
224,1,0,,-40436,38184,-51918,-48828,113048,1,1,1,1,0,0,0,0,0
226,1,0,,-40436,38184,-51918,-48828,113048,1,1,1,1,0,0,0,0,0
228,1,0,,-40436,38184,-51918,-48828,113048,1,1,1,1,0,0,0,0,0
230,1,0,,-40436,38184,-51918,-48828,113048,1,1,1,1,0,0,0,0,0
232,1,1,,-40436,38184,-51918,-48828,113048,1,1,1,1,0,0,0,0,0
234,2,1,,-42229,22601,4253,4787,-28572,1,1,1,1,1,0,0,0,1
236,2,0,,-42229,22601,4253,4787,-28572,1,1,1,1,1,0,0,0,1
238,2,0,,-42229,22601,4253,4787,-28572,1,1,1,1,1,0,0,0,1
240,2,0,,-42229,22601,4253,4787,-28572,1,1,1,1,1,0,0,0,1
242,2,0,,-42229,22601,4253,4787,-28572,1,1,1,1,1,0,0,0,1
244,2,0,,-39578,15830,33950,34408,-265178,1,1,1,1,0,0,0,0,33
246,2,0,,-39578,15830,33950,34408,-265178,1,1,1,1,0,0,0,0,33
248,2,0,,-39578,15830,33950,34408,-265178,1,1,1,1,0,0,0,0,33
250,2,0,,-39578,15830,33950,34408,-265178,1,1,1,1,0,0,0,0,33
252,2,0,,-39578,15830,33950,34408,-265178,1,1,1,1,0,0,0,0,33
254,2,0,,-42057,8735,56724,56571,-265178,1,1,1,1,0,0,0,0,65
256,2,0,,-42057,8735,56724,56571,-265178,1,1,1,1,0,0,0,0,65
258,2,0,,-42057,8735,56724,56571,-265178,1,1,1,1,0,0,0,0,65
260,2,0,,-42057,8735,56724,56571,-265178,1,1,1,1,0,0,0,0,65
262,2,0,,-42057,8735,56724,56571,-265178,1,1,1,1,0,0,0,0,65
264,2,0,,-39997,4081,69884,69408,-265178,1,1,1,1,0,0,0,-1,97
266,2,0,,-39997,4081,69884,69408,-265178,1,1,1,1,0,0,0,-1,97
268,2,0,,-39997,4081,69884,69408,-265178,1,1,1,1,0,0,0,-1,97
270,2,0,,-39997,4081,69884,69408,-265178,1,1,1,1,0,0,0,-1,97
272,2,0,,-39997,4081,69884,69408,-265178,1,1,1,1,0,0,0,-1,97
274,2,0,,-41008,839,81920,81271,-265216,1,1,1,1,0,0,0,-1,129
276,2,0,,-41008,839,81920,81271,-265216,1,1,1,1,0,0,0,-1,129
278,2,0,,-41008,839,81920,81271,-265216,1,1,1,1,0,0,0,-1,129
280,2,0,,-41008,839,81920,81271,-265216,1,1,1,1,0,0,0,-1,129
282,2,0,,-41008,839,81920,81271,-265216,1,1,1,1,0,0,0,-1,129
284,2,0,,-40036,-1545,89473,88729,-265216,1,1,1,1,0,0,0,-1,161
286,2,0,,-40036,-1545,89473,88729,-265216,1,1,1,1,0,0,0,-1,161
288,2,0,,-40036,-1545,89473,88729,-265216,1,1,1,1,0,0,0,-1,161
290,2,0,,-40036,-1545,89473,88729,-265216,1,1,1,1,0,0,0,-1,161
292,2,0,,-40036,-1545,89473,88729,-265216,1,1,1,1,0,0,0,-1,161
294,2,0,,-39387,-2118,93955,93192,-265274,1,1,1,1,0,0,0,-1,193
296,2,0,,-39387,-2118,93955,93192,-265274,1,1,1,1,0,0,0,-1,193
298,2,0,,-39387,-2118,93955,93192,-265274,1,1,1,1,0,0,0,-1,193
300,2,0,,-39387,-2118,93955,93192,-265274,1,1,1,1,0,0,0,-1,193
302,2,0,,-39387,-2118,93955,93192,-265274,1,1,1,1,0,0,0,-1,193
304,2,0,,-41294,-3968,98189,97484,-265293,1,1,0,1,0,0,0,-1,193
306,2,0,,-41294,-3968,98189,97484,-265293,1,1,0,1,0,0,0,-1,193
308,2,0,,-41294,-3968,98189,97484,-265293,1,1,0,1,0,0,0,-1,193
310,2,0,,-41294,-3968,98189,97484,-265293,1,1,0,1,0,0,0,-1,193
312,2,0,,-41294,-3968,98189,97484,-265293,1,1,0,1,0,0,0,-1,193
314,2,0,,-40169,-4292,100249,99563,-265274,1,1,0,0,0,0,0,-2,193
316,2,0,,-40169,-4292,100249,99563,-265274,1,1,0,0,0,0,0,-2,193
318,2,0,,-40169,-4292,100249,99563,-265274,1,1,0,0,0,0,0,-2,193
320,2,0,,-40169,-4292,100249,99563,-265274,1,1,0,0,0,0,0,-2,193
322,2,0,,-40169,-4292,100249,99563,-265274,1,1,0,0,0,0,0,-2,193
324,2,0,,-40722,-3510,101718,101222,-265216,1,1,0,0,0,0,0,-2,193
326,2,0,,-40722,-3510,101718,101222,-265216,1,1,0,0,0,0,0,-2,193
328,2,0,,-40722,-3510,101718,101222,-265216,1,1,0,0,0,0,0,-2,193
330,2,0,,-40722,-3510,101718,101222,-265216,1,1,0,0,0,0,0,-2,193
332,2,0,,-40722,-3510,101718,101222,-265216,1,1,0,0,0,0,0,-2,193
334,2,0,,-39749,-4368,103492,102901,-265254,1,1,0,0,0,0,0,-2,193
336,2,0,,-39749,-4368,103492,102901,-265254,1,1,0,0,0,0,0,-2,193
338,2,0,,-39749,-4368,103492,102901,-265254,1,1,0,0,0,0,0,-2,193
340,2,0,,-39749,-4368,103492,102901,-265254,1,1,0,0,0,0,0,-2,193
342,2,0,,-39749,-4368,103492,102901,-265254,1,1,0,0,0,0,0,-2,193
344,2,0,,-39749,-4368,103492,102901,-265254,1,1,0,0,0,0,0,-2,193
346,2,0,,-39749,-4368,103492,102901,-265254,1,1,0,0,0,0,0,-2,193
348,2,0,,-41485,-4178,104255,103396,-265274,1,1,0,0,0,0,0,-2,193
350,2,0,,-41485,-4178,104255,103396,-265274,1,1,0,0,0,0,0,-2,193
352,2,0,,-41485,-4178,104255,103396,-265274,1,1,0,0,0,0,0,-2,193
354,2,0,,-40284,-3911,105094,104560,-265235,1,1,0,0,0,0,0,-3,225
356,2,0,,-40284,-3911,105094,104560,-265235,1,1,0,0,0,0,0,-3,225
358,2,0,,-40284,-3911,105094,104560,-265235,1,1,0,0,0,0,0,-3,225
360,2,0,,-40284,-3911,105094,104560,-265235,1,1,0,0,0,0,0,-3,225
362,2,0,,-40284,-3911,105094,104560,-265235,1,1,0,0,0,0,0,-3,225
364,2,0,,-43640,-4311,105132,104465,-265197,1,1,0,0,0,0,0,-3,225
366,2,0,,-43640,-4311,105132,104465,-265197,1,1,0,0,0,0,0,-3,225
368,2,0,,-43640,-4311,105132,104465,-265197,1,1,0,0,0,0,0,-3,225
370,2,0,,-43640,-4311,105132,104465,-265197,1,1,0,0,0,0,0,-3,225
372,2,0,,-43640,-4311,105132,104465,-265197,1,1,0,0,0,0,0,-3,225
374,2,0,,-42858,-4578,105609,104903,-265235,1,1,0,0,0,0,0,-3,225
376,2,0,,-42858,-4578,105609,104903,-265235,1,1,0,0,0,0,0,-3,225
378,2,0,,-42858,-4578,105609,104903,-265235,1,1,0,0,0,0,0,-3,225
380,2,0,,-42858,-4578,105609,104903,-265235,1,1,0,0,0,0,0,-3,225
382,2,0,,-42858,-4578,105609,104903,-265235,1,1,0,0,0,0,0,-3,225
384,2,0,,-41104,-6295,105571,104732,-265216,1,1,0,0,0,0,0,-3,225
386,2,0,,-41104,-6295,105571,104732,-265216,1,1,0,0,0,0,0,-3,225
388,2,0,,-41104,-6295,105571,104732,-265216,1,1,0,0,0,0,0,-3,225
390,2,0,,-41104,-6295,105571,104732,-265216,1,1,0,0,0,0,0,-3,225
392,2,0,,-41104,-6295,105571,104732,-265216,1,1,0,0,0,0,0,-3,225
394,2,0,,-41104,-6295,105571,104732,-265216,1,1,0,0,0,0,0,-3,225
396,2,0,,-41771,-6028,106029,105266,-265254,1,1,0,0,0,0,0,-3,225
398,2,0,,-41771,-6028,106029,105266,-265254,1,1,0,0,0,0,0,-3,225
400,2,0,,-41771,-6028,106029,105266,-265254,1,1,0,0,0,0,0,-3,225
402,2,0,,-41771,-6028,106029,105266,-265254,1,1,0,0,0,0,0,-3,225
404,2,0,,-41333,-6428,105323,104770,-265216,1,1,0,0,0,0,0,-4,225
406,2,0,,-41333,-6428,105323,104770,-265216,1,1,0,0,0,0,0,-4,225
408,2,0,,-41333,-6428,105323,104770,-265216,1,1,0,0,0,0,0,-4,225
410,2,0,,-41333,-6428,105323,104770,-265216,1,1,0,0,0,0,0,-4,225
412,2,0,,-41333,-6428,105323,104770,-265216,1,1,0,0,0,0,0,-4,225
414,2,0,,-40455,-6657,105590,104827,-265254,1,1,0,0,0,0,0,-4,225
416,2,0,,-40455,-6657,105590,104827,-265254,1,1,0,0,0,0,0,-4,225
418,2,0,,-40455,-6657,105590,104827,-265254,1,1,0,0,0,0,0,-4,225
420,2,0,,-40455,-6657,105590,104827,-265254,1,1,0,0,0,0,0,-4,225
422,2,0,,-40455,-6657,105590,104827,-265254,1,1,0,0,0,0,0,-4,225
424,2,0,,-39463,-6562,105266,104541,-265312,1,1,0,0,0,0,0,-4,255
426,2,0,,-39463,-6562,105266,104541,-265312,1,1,0,0,0,0,0,-4,255
428,2,0,,-39463,-6562,105266,104541,-265312,1,1,0,0,0,0,0,-4,255
430,2,0,,-39463,-6562,105266,104541,-265312,1,1,0,0,0,0,0,-4,255
432,2,0,,-39463,-6562,105266,104541,-265312,1,1,0,0,0,0,0,-4,255
434,1,0,,-41867,-6066,108546,107802,-265178,1,1,0,0,0,0,0,0,0
436,1,0,,-41867,-6066,108546,107802,-265178,1,1,0,0,0,0,0,0,0
438,1,0,,-41867,-6066,108546,107802,-265178,1,1,0,0,0,0,0,0,0
440,1,0,,-41867,-6066,108546,107802,-265178,1,1,0,0,0,0,0,0,0
442,1,0,,-41867,-6066,108546,107802,-265178,1,1,0,0,0,0,0,0,0
444,1,0,,-41867,-6066,108546,107802,-265178,1,1,0,0,0,0,0,0,0
446,1,0,,-40589,-6676,109118,108203,-265235,1,1,0,0,0,0,0,0,0
448,1,0,,-40589,-6676,109118,108203,-265235,1,1,0,0,0,0,0,0,0
450,1,0,,-40589,-6676,109118,108203,-265235,1,1,0,0,0,0,0,0,0
452,1,0,,-40589,-6676,109118,108203,-265235,1,1,0,0,0,0,0,0,0
454,1,0,,-40589,-6676,109118,108203,-265235,1,1,0,0,0,0,0,0,0
456,1,0,,-39883,-6218,108680,108336,-265197,1,1,0,0,0,0,0,0,0
458,1,0,,-39883,-6218,108680,108336,-265197,1,1,0,0,0,0,0,0,0
460,1,0,,-39883,-6218,108680,108336,-265197,1,1,0,0,0,0,0,0,0
462,1,0,,-39883,-6218,108680,108336,-265197,1,1,0,0,0,0,0,0,0
464,1,0,,-39883,-6218,108680,108336,-265197,1,1,0,0,0,0,0,0,0
466,1,0,,-39845,-5589,108966,108451,-265216,1,1,0,0,0,0,0,0,0
468,1,0,,-39845,-5589,108966,108451,-265216,1,1,0,0,0,0,0,0,0
470,1,0,,-39845,-5589,108966,108451,-265216,1,1,0,0,0,0,0,0,0
472,1,0,,-39845,-5589,108966,108451,-265216,1,1,0,0,0,0,0,0,0
474,1,0,,-39845,-5589,108966,108451,-265216,1,1,0,0,0,0,0,0,0
476,1,0,,-37098,-7439,107631,107039,-265216,1,1,0,0,0,1,1,0,0
478,1,0,,-37098,-7439,107631,107039,-265216,1,1,0,0,0,1,1,0,0
480,1,0,,-37098,-7439,107631,107039,-265216,1,1,0,0,0,1,1,0,0
482,1,0,,-37098,-7439,107631,107039,-265216,1,1,0,0,0,1,1,0,0
484,1,0,,-37098,-7439,107631,107039,-265216,1,1,0,0,0,1,1,0,0
486,1,0,,-38243,-7248,105456,104903,-265216,1,1,0,0,0,1,1,0,0
488,1,0,,-38243,-7248,105456,104903,-265216,1,1,0,0,0,1,1,0,0
490,1,0,,-38243,-7248,105456,104903,-265216,1,1,0,0,0,1,1,0,0
492,1,0,,-38243,-7248,105456,104903,-265216,1,1,0,0,0,1,1,0,0
494,1,0,,-38243,-7248,105456,104903,-265216,1,1,0,0,0,1,1,0,0
496,1,0,,-39120,-6257,103911,103149,-265197,1,1,0,0,0,1,1,0,0
498,1,0,,-39120,-6257,103911,103149,-265197,1,1,0,0,0,1,1,0,0
500,1,0,,-39120,-6257,103911,103149,-265197,1,1,0,0,0,1,1,0,0
